10.000482570 12913.0
10.007047711 13228.0
10.013612853 12951.0
10.020177994 12653.0
10.026743135 12915.0
10.033308277 12856.0
10.039873418 13014.0
10.046438559 13073.0
10.053003701 12900.0
10.059568842 13171.0
10.066133983 12943.0
10.072699125 12844.0
10.079264266 12941.0
10.085829407 12954.0
10.092394549 13075.0
10.098959690 13206.0
10.105524831 13122.0
10.112089973 12982.0
10.118655114 13051.0
10.125220255 13142.0
10.131785397 13086.0
10.138350538 13229.0
10.144915679 13212.0
10.151480821 12880.0
10.158045962 13110.0
10.164611103 13023.0
10.171176245 12960.0
10.177741386 13188.0
10.184306527 12845.0
10.190871669 13096.0
10.197436810 12889.0
10.204001951 12966.0
10.210567093 12837.0
10.217132234 12936.0
10.223697376 12875.0
10.230262517 12935.0
10.236827658 13030.0
10.243392800 13045.0
10.249957941 13030.0
10.256523082 13090.0
10.263088224 13144.0
10.269653365 13014.0
10.276218506 13030.0
10.282783648 12943.0
10.289348789 13130.0
10.295913930 13110.0
10.302479072 12992.0
10.309044213 12894.0
10.315609354 13037.0
10.322174496 13000.0
10.328739637 12834.0
10.335304778 12899.0
10.341869920 12930.0
10.348435061 13074.0
10.355000202 13223.0
10.361565344 13146.0
10.368130485 13175.0
10.374695626 13088.0
10.381260768 12900.0
10.387825909 12964.0
10.394391050 13000.0
10.400956192 12864.0
10.407521333 13059.0
10.414086474 13169.0
10.420651616 13053.0
10.427216757 13013.0
10.433781898 12791.0
10.440347040 13031.0
10.446912181 12860.0
10.453477322 13182.0
10.460042464 13044.0
10.466607605 12972.0
10.473172746 13221.0
10.479737888 12989.0
10.486303029 12983.0
10.492868170 13156.0
10.499433312 13022.0
10.505998453 13063.0
10.512563594 13044.0
10.519128736 13030.0
10.525693877 12972.0
10.532259018 12883.0
10.538824160 13034.0
10.545389301 13089.0
10.551954442 12838.0
10.558519584 13019.0
10.565084725 12967.0
10.571649866 12970.0
10.578215008 12949.0
10.584780149 13089.0
10.591345290 12999.0
10.597910432 13039.0
10.604475573 13087.0
10.611040714 13166.0
10.617605856 13113.0
10.624170997 12899.0
10.630736138 13151.0
10.637301280 13046.0
10.643866421 13065.0
10.650431563 12931.0
10.656996704 13324.0
10.663561845 12864.0
10.670126987 13204.0
10.676692128 12964.0
10.683257269 12956.0
10.689822411 13122.0
10.696387552 12933.0
10.702952693 12928.0
10.709517835 12998.0
10.716082976 12946.0
10.722648117 13036.0
10.729213259 13012.0
10.735778400 12992.0
10.742343541 12954.0
10.748908683 13041.0
10.755473824 13091.0
10.762038965 13077.0
10.768604107 13101.0
10.775169248 12971.0
10.781734389 13034.0
10.788299531 12975.0
10.794864672 13105.0
10.801429813 13057.0
10.807994955 12882.0
10.814560096 13000.0
10.821125237 12992.0
10.827690379 13006.0
10.834255520 12939.0
10.840820661 12905.0
10.847385803 13286.0
10.853950944 12906.0
10.860516085 13081.0
10.867081227 13041.0
10.873646368 13066.0
10.880211509 13031.0
10.886776651 12894.0
10.893341792 12898.0
10.899906933 12957.0
10.906472075 13031.0
10.913037216 13042.0
10.919602357 12887.0
10.926167499 12971.0
10.932732640 13022.0
10.939297781 12786.0
10.945862923 13062.0
10.952428064 13230.0
10.958993205 12984.0
10.965558347 12943.0
10.972123488 13065.0
10.978688629 12985.0
10.985253771 13066.0
10.991818912 13218.0
10.998384053 12904.0
11.004949195 13039.0
11.011514336 13051.0
11.018079477 12653.0
11.024644619 13265.0
11.031209760 13147.0
11.037774901 13021.0
11.044340043 13127.0
11.050905184 13065.0
11.057470326 12991.0
11.064035467 12866.0
11.070600608 12880.0
11.077165750 13191.0
11.083730891 13272.0
11.090296032 12806.0
11.096861174 12889.0
11.103426315 12850.0
11.109991456 13044.0
11.116556598 13117.0
11.123121739 12944.0
11.129686880 13063.0
11.136252022 12897.0
11.142817163 12940.0
11.149382304 12940.0
11.155947446 12955.0
11.162512587 13176.0
11.169077728 12955.0
11.175642870 12917.0
11.182208011 12751.0
11.188773152 12889.0
11.195338294 13123.0
11.201903435 13143.0
11.208468576 13140.0
11.215033718 12828.0
11.221598859 12969.0
11.228164000 13032.0
11.234729142 13032.0
11.241294283 12927.0
11.247859424 13076.0
11.254424566 13083.0
11.260989707 13041.0
11.267554848 12955.0
11.274119990 13292.0
11.280685131 13094.0
11.287250272 12946.0
11.293815414 13022.0
11.300380555 13063.0
11.306945696 13001.0
11.313510838 13139.0
11.320075979 13003.0
11.326641120 13241.0
11.333206262 13058.0
11.339771403 13002.0
11.346336544 13092.0
11.352901686 12993.0
11.359466827 13083.0
11.366031968 13184.0
11.372597110 13217.0
11.379162251 13149.0
11.385727392 13124.0
11.392292534 13300.0
11.398857675 13277.0
11.405422816 13177.0
11.411987958 13077.0
11.418553099 13036.0
11.425118240 13225.0
11.431683382 13082.0
11.438248523 12941.0
11.444813664 13057.0
11.451378806 13007.0
11.457943947 12996.0
11.464509088 12998.0
11.471074230 13081.0
11.477639371 12972.0
11.484204513 13061.0
11.490769654 13025.0
11.497334795 13014.0
11.503899937 12945.0
11.510465078 13030.0
11.517030219 13138.0
11.523595361 13086.0
11.530160502 13082.0
11.536725643 13148.0
11.543290785 13068.0
11.549855926 13026.0
11.556421067 12988.0
11.562986209 13084.0
11.569551350 12902.0
11.576116491 12990.0
11.582681633 13034.0
11.589246774 13059.0
11.595811915 12954.0
11.602377057 13071.0
11.608942198 13243.0
11.615507339 13060.0
11.622072481 13043.0
11.628637622 13066.0
11.635202763 13281.0
11.641767905 13059.0
11.648333046 13335.0
11.654898187 12959.0
11.661463329 13222.0
11.668028470 13243.0
11.674593611 13054.0
11.681158753 12901.0
11.687723894 12964.0
11.694289035 13035.0
11.700854177 13176.0
11.707419318 13118.0
11.713984459 13055.0
11.720549601 13032.0
11.727114742 13156.0
11.733679883 13245.0
11.740245025 13040.0
11.746810166 13011.0
11.753375307 12914.0
11.759940449 13175.0
11.766505590 13009.0
11.773070731 12973.0
11.779635873 13128.0
11.786201014 13068.0
11.792766155 12950.0
11.799331297 13022.0
11.805896438 13024.0
11.812461579 13162.0
11.819026721 12982.0
11.825591862 13082.0
11.832157003 12973.0
11.838722145 13195.0
11.845287286 13115.0
11.851852427 13091.0
11.858417569 13339.0
11.864982710 13035.0
11.871547851 13113.0
11.878112993 13104.0
11.884678134 13060.0
11.891243275 13138.0
11.897808417 13229.0
11.904373558 13009.0
11.910938700 13194.0
11.917503841 13059.0
11.924068982 13027.0
11.930634124 13134.0
11.937199265 13076.0
11.943764406 12983.0
11.950329548 13231.0
11.956894689 13040.0
11.963459830 13208.0
11.970024972 13086.0
11.976590113 13042.0
11.983155254 13204.0
11.989720396 13004.0
11.996285537 13310.0
12.002850678 13225.0
12.009415820 13280.0
12.015980961 13182.0
12.022546102 13022.0
12.029111244 12987.0
12.035676385 13190.0
12.042241526 13293.0
12.048806668 13176.0
12.055371809 12938.0
12.061936950 13359.0
12.068502092 13330.0
12.075067233 13127.0
12.081632374 13117.0
12.088197516 13307.0
12.094762657 13143.0
12.101327798 13181.0
12.107892940 13306.0
12.114458081 13058.0
12.121023222 13183.0
12.127588364 13193.0
12.134153505 12995.0
12.140718646 13099.0
12.147283788 13298.0
12.153848929 13043.0
12.160414070 13469.0
12.166979212 13236.0
12.173544353 13194.0
12.180109494 13144.0
12.186674636 13191.0
12.193239777 13195.0
12.199804918 13055.0
12.206370060 13216.0
12.212935201 12892.0
12.219500342 13059.0
12.226065484 13112.0
12.232630625 13015.0
12.239195766 13261.0
12.245760908 13332.0
12.252326049 13343.0
12.258891190 13315.0
12.265456332 13186.0
12.272021473 13048.0
12.278586614 13020.0
12.285151756 13251.0
12.291716897 13273.0
12.298282038 13154.0
12.304847180 13169.0
12.311412321 13210.0
12.317977463 13298.0
12.324542604 13089.0
12.331107745 13310.0
12.337672887 13298.0
12.344238028 13123.0
12.350803169 13023.0
12.357368311 13069.0
12.363933452 13125.0
12.370498593 12857.0
12.377063735 13046.0
12.383628876 13246.0
12.390194017 13339.0
12.396759159 13076.0
12.403324300 13212.0
12.409889441 13265.0
12.416454583 13359.0
12.423019724 13008.0
12.429584865 13278.0
12.436150007 13062.0
12.442715148 13124.0
12.449280289 13145.0
12.455845431 13219.0
12.462410572 13186.0
12.468975713 12962.0
12.475540855 12989.0
12.482105996 13039.0
12.488671137 12961.0
12.495236279 13157.0
12.501801420 13211.0
12.508366561 13446.0
12.514931703 13295.0
12.521496844 13199.0
12.528061985 13118.0
12.534627127 13188.0
12.541192268 13051.0
12.547757409 13058.0
12.554322551 13274.0
12.560887692 13277.0
12.567452833 13165.0
12.574017975 13151.0
12.580583116 13182.0
12.587148257 13078.0
12.593713399 13209.0
12.600278540 13079.0
12.606843681 13160.0
12.613408823 13282.0
12.619973964 13099.0
12.626539105 13011.0
12.633104247 13148.0
12.639669388 13057.0
12.646234529 13062.0
12.652799671 13285.0
12.659364812 13217.0
12.665929953 13333.0
12.672495095 13109.0
12.679060236 13164.0
12.685625377 13237.0
12.692190519 13407.0
12.698755660 13207.0
12.705320801 13349.0
12.711885943 13187.0
12.718451084 13182.0
12.725016225 13426.0
12.731581367 13172.0
12.738146508 13387.0
12.744711650 13360.0
12.751276791 13278.0
12.757841932 13262.0
12.764407074 13017.0
12.770972215 13246.0
12.777537356 13165.0
12.784102498 13221.0
12.790667639 13110.0
12.797232780 13036.0
12.803797922 13167.0
12.810363063 13062.0
12.816928204 13443.0
12.823493346 13086.0
12.830058487 13447.0
12.836623628 13127.0
12.843188770 13347.0
12.849753911 13423.0
12.856319052 13390.0
12.862884194 13203.0
12.869449335 13254.0
12.876014476 13051.0
12.882579618 13077.0
12.889144759 13136.0
12.895709900 13455.0
12.902275042 13388.0
12.908840183 13068.0
12.915405324 13104.0
12.921970466 13036.0
12.928535607 13180.0
12.935100748 13252.0
12.941665890 13287.0
12.948231031 13285.0
12.954796172 13094.0
12.961361314 13264.0
12.967926455 13401.0
12.974491596 13405.0
12.981056738 13249.0
12.987621879 13267.0
12.994187020 13433.0
13.000752162 13350.0
13.007317303 13298.0
13.013882444 13319.0
13.020447586 13501.0
13.027012727 13200.0
13.033577868 13553.0
13.040143010 13458.0
13.046708151 13063.0
13.053273292 13245.0
13.059838434 13193.0
13.066403575 13218.0
13.072968716 13253.0
13.079533858 13224.0
13.086098999 13164.0
13.092664140 13362.0
13.099229282 13433.0
13.105794423 13262.0
13.112359564 13451.0
13.118924706 13374.0
13.125489847 13247.0
13.132054988 13236.0
13.138620130 13527.0
13.145185271 13350.0
13.151750412 13344.0
13.158315554 13280.0
13.164880695 13328.0
13.171445837 13291.0
13.178010978 13217.0
13.184576119 13417.0
13.191141261 13417.0
13.197706402 13287.0
13.204271543 13178.0
13.210836685 13279.0
13.217401826 13601.0
13.223966967 13351.0
13.230532109 13422.0
13.237097250 13440.0
13.243662391 13281.0
13.250227533 13411.0
13.256792674 13290.0
13.263357815 13307.0
13.269922957 13298.0
13.276488098 13381.0
13.283053239 13420.0
13.289618381 13445.0
13.296183522 13256.0
13.302748663 13482.0
13.309313805 13509.0
13.315878946 13286.0
13.322444087 13359.0
13.329009229 13553.0
13.335574370 13425.0
13.342139511 13491.0
13.348704653 13145.0
13.355269794 13482.0
13.361834935 13202.0
13.368400077 13343.0
13.374965218 13314.0
13.381530359 13290.0
13.388095501 13529.0
13.394660642 13263.0
13.401225783 13294.0
13.407790925 13288.0
13.414356066 13472.0
13.420921207 13557.0
13.427486349 13497.0
13.434051490 13296.0
13.440616631 13290.0
13.447181773 13321.0
13.453746914 13473.0
13.460312055 13294.0
13.466877197 13259.0
13.473442338 13258.0
13.480007479 13178.0
13.486572621 13341.0
13.493137762 13373.0
13.499702903 13392.0
13.506268045 13542.0
13.512833186 13408.0
13.519398327 13298.0
13.525963469 13415.0
13.532528610 13506.0
13.539093751 13469.0
13.545658893 13057.0
13.552224034 13277.0
13.558789175 13433.0
13.565354317 13440.0
13.571919458 13352.0
13.578484599 13462.0
13.585049741 13272.0
13.591614882 13428.0
13.598180024 13338.0
13.604745165 13417.0
13.611310306 13547.0
13.617875448 13472.0
13.624440589 13340.0
13.631005730 13380.0
13.637570872 13639.0
13.644136013 13513.0
13.650701154 13568.0
13.657266296 13538.0
13.663831437 13390.0
13.670396578 13499.0
13.676961720 13358.0
13.683526861 13304.0
13.690092002 13669.0
13.696657144 13399.0
13.703222285 13569.0
13.709787426 13342.0
13.716352568 13298.0
13.722917709 13572.0
13.729482850 13402.0
13.736047992 13400.0
13.742613133 13424.0
13.749178274 13569.0
13.755743416 13486.0
13.762308557 13505.0
13.768873698 13277.0
13.775438840 13425.0
13.782003981 13353.0
13.788569122 13432.0
13.795134264 13434.0
13.801699405 13379.0
13.808264546 13373.0
13.814829688 13417.0
13.821394829 13499.0
13.827959970 13496.0
13.834525112 13453.0
13.841090253 13421.0
13.847655394 13367.0
13.854220536 13392.0
13.860785677 13652.0
13.867350818 13514.0
13.873915960 13511.0
13.880481101 13588.0
13.887046242 13395.0
13.893611384 13685.0
13.900176525 13530.0
13.906741666 13502.0
13.913306808 13480.0
13.919871949 13449.0
13.926437090 13471.0
13.933002232 13651.0
13.939567373 13365.0
13.946132514 13564.0
13.952697656 13630.0
13.959262797 13643.0
13.965827938 13533.0
13.972393080 13541.0
13.978958221 13607.0
13.985523362 13349.0
13.992088504 13326.0
13.998653645 13615.0
14.005218787 13518.0
14.011783928 13389.0
14.018349069 13459.0
14.024914211 13413.0
14.031479352 13598.0
14.038044493 13654.0
14.044609635 13712.0
14.051174776 13733.0
14.057739917 13620.0
14.064305059 13609.0
14.070870200 13605.0
14.077435341 13647.0
14.084000483 13553.0
14.090565624 13574.0
14.097130765 13427.0
14.103695907 13705.0
14.110261048 13426.0
14.116826189 13496.0
14.123391331 13446.0
14.129956472 13502.0
14.136521613 13545.0
14.143086755 13509.0
14.149651896 13493.0
14.156217037 13608.0
14.162782179 13378.0
14.169347320 13702.0
14.175912461 13239.0
14.182477603 13434.0
14.189042744 13581.0
14.195607885 13668.0
14.202173027 13757.0
14.208738168 13611.0
14.215303309 13640.0
14.221868451 13411.0
14.228433592 13612.0
14.234998733 13651.0
14.241563875 13711.0
14.248129016 13543.0
14.254694157 13476.0
14.261259299 13609.0
14.267824440 13525.0
14.274389581 13675.0
14.280954723 13542.0
14.287519864 13735.0
14.294085005 13639.0
14.300650147 13542.0
14.307215288 13424.0
14.313780429 13649.0
14.320345571 13641.0
14.326910712 13634.0
14.333475853 13611.0
14.340040995 13452.0
14.346606136 13539.0
14.353171277 13696.0
14.359736419 13417.0
14.366301560 13688.0
14.372866701 13553.0
14.379431843 13631.0
14.385996984 13613.0
14.392562125 13516.0
14.399127267 13788.0
14.405692408 13600.0
14.412257549 13557.0
14.418822691 13651.0
14.425387832 13832.0
14.431952974 13806.0
14.438518115 13670.0
14.445083256 13573.0
14.451648398 13679.0
14.458213539 13367.0
14.464778680 13603.0
14.471343822 13665.0
14.477908963 13684.0
14.484474104 13633.0
14.491039246 13508.0
14.497604387 13796.0
14.504169528 13663.0
14.510734670 13713.0
14.517299811 13806.0
14.523864952 13805.0
14.530430094 13508.0
14.536995235 13561.0
14.543560376 13462.0
14.550125518 13691.0
14.556690659 13605.0
14.563255800 13776.0
14.569820942 13820.0
14.576386083 13747.0
14.582951224 13660.0
14.589516366 13881.0
14.596081507 13549.0
14.602646648 13871.0
14.609211790 13777.0
14.615776931 13489.0
14.622342072 13651.0
14.628907214 13754.0
14.635472355 13778.0
14.642037496 13673.0
14.648602638 13765.0
14.655167779 13628.0
14.661732920 13655.0
14.668298062 13517.0
14.674863203 13745.0
14.681428344 13704.0
14.687993486 13820.0
14.694558627 13672.0
14.701123768 13868.0
14.707688910 13792.0
14.714254051 13628.0
14.720819192 13690.0
14.727384334 13858.0
14.733949475 13901.0
14.740514616 13660.0
14.747079758 13645.0
14.753644899 13857.0
14.760210040 13734.0
14.766775182 13750.0
14.773340323 13828.0
14.779905464 13975.0
14.786470606 13611.0
14.793035747 13700.0
14.799600888 13700.0
14.806166030 13869.0
14.812731171 13709.0
14.819296312 13748.0
14.825861454 13970.0
14.832426595 13674.0
14.838991736 13670.0
14.845556878 13729.0
14.852122019 14017.0
14.858687161 13874.0
14.865252302 13724.0
14.871817443 13917.0
14.878382585 13659.0
14.884947726 13820.0
14.891512867 13758.0
14.898078009 13733.0
14.904643150 13866.0
14.911208291 13834.0
14.917773433 13643.0
14.924338574 13879.0
14.930903715 13696.0
14.937468857 14084.0
14.944033998 13816.0
14.950599139 13740.0
14.957164281 13718.0
14.963729422 13798.0
14.970294563 13990.0
14.976859705 13640.0
14.983424846 13835.0
14.989989987 13805.0
14.996555129 13928.0
15.003120270 13872.0
15.009685411 13668.0
15.016250553 13832.0
15.022815694 13921.0
15.029380835 13550.0
15.035945977 13743.0
15.042511118 13810.0
15.049076259 14017.0
15.055641401 14113.0
15.062206542 13949.0
15.068771683 13678.0
15.075336825 13828.0
15.081901966 14058.0
15.088467107 13821.0
15.095032249 13800.0
15.101597390 13746.0
15.108162531 13888.0
15.114727673 13899.0
15.121292814 13901.0
15.127857955 13808.0
15.134423097 13786.0
15.140988238 13883.0
15.147553379 13874.0
15.154118521 14025.0
15.160683662 13841.0
15.167248803 13781.0
15.173813945 13632.0
15.180379086 13872.0
15.186944227 14009.0
15.193509369 13957.0
15.200074510 13884.0
15.206639651 13746.0
15.213204793 13990.0
15.219769934 13982.0
15.226335075 13872.0
15.232900217 13890.0
15.239465358 13967.0
15.246030499 14083.0
15.252595641 14187.0
15.259160782 13868.0
15.265725924 13802.0
15.272291065 13832.0
15.278856206 13856.0
15.285421348 14081.0
15.291986489 13986.0
15.298551630 14016.0
15.305116772 14155.0
15.311681913 13902.0
15.318247054 13704.0
15.324812196 14112.0
15.331377337 13819.0
15.337942478 13945.0
15.344507620 14081.0
15.351072761 13869.0
15.357637902 13947.0
15.364203044 13824.0
15.370768185 13858.0
15.377333326 13721.0
15.383898468 13849.0
15.390463609 14062.0
15.397028750 13984.0
15.403593892 13789.0
15.410159033 13938.0
15.416724174 14075.0
15.423289316 13827.0
15.429854457 14069.0
15.436419598 13946.0
15.442984740 14243.0
15.449549881 14173.0
15.456115022 13921.0
15.462680164 14008.0
15.469245305 13951.0
15.475810446 14222.0
15.482375588 13799.0
15.488940729 13991.0
15.495505870 14208.0
15.502071012 13938.0
15.508636153 14010.0
15.515201294 14089.0
15.521766436 13891.0
15.528331577 13706.0
15.534896718 13970.0
15.541461860 14028.0
15.548027001 13996.0
15.554592142 14171.0
15.561157284 13917.0
15.567722425 13961.0
15.574287566 14059.0
15.580852708 14000.0
15.587417849 13924.0
15.593982990 13988.0
15.600548132 13972.0
15.607113273 14162.0
15.613678414 13953.0
15.620243556 13945.0
15.626808697 14025.0
15.633373838 14128.0
15.639938980 13961.0
15.646504121 14006.0
15.653069262 14233.0
15.659634404 14029.0
15.666199545 13977.0
15.672764686 14153.0
15.679329828 14107.0
15.685894969 13806.0
15.692460111 14181.0
15.699025252 14044.0
15.705590393 14065.0
15.712155535 13905.0
15.718720676 13997.0
15.725285817 14048.0
15.731850959 14037.0
15.738416100 14037.0
15.744981241 13976.0
15.751546383 14083.0
15.758111524 14049.0
15.764676665 14157.0
15.771241807 14209.0
15.777806948 14104.0
15.784372089 14225.0
15.790937231 13901.0
15.797502372 13919.0
15.804067513 13991.0
15.810632655 14072.0
15.817197796 14118.0
15.823762937 14180.0
15.830328079 14241.0
15.836893220 14059.0
15.843458361 14147.0
15.850023503 14110.0
15.856588644 14135.0
15.863153785 14070.0
15.869718927 14220.0
15.876284068 13971.0
15.882849209 14281.0
15.889414351 14068.0
15.895979492 14084.0
15.902544633 14162.0
15.909109775 14080.0
15.915674916 14198.0
15.922240057 14171.0
15.928805199 13841.0
15.935370340 14096.0
15.941935481 14137.0
15.948500623 14125.0
15.955065764 13880.0
15.961630905 14005.0
15.968196047 14005.0
15.974761188 14264.0
15.981326329 14189.0
15.987891471 14008.0
15.994456612 14236.0
16.001021753 14164.0
16.007586895 14103.0
16.014152036 14208.0
16.020717177 14013.0
16.027282319 14216.0
16.033847460 14042.0
16.040412601 14227.0
16.046977743 14268.0
16.053542884 14135.0
16.060108025 14291.0
16.066673167 14284.0
16.073238308 14293.0
16.079803449 14293.0
16.086368591 14172.0
16.092933732 14341.0
16.099498873 14245.0
16.106064015 13937.0
16.112629156 13973.0
16.119194298 14204.0
16.125759439 14296.0
16.132324580 14287.0
16.138889722 14102.0
16.145454863 14238.0
16.152020004 14263.0
16.158585146 14095.0
16.165150287 14405.0
16.171715428 14156.0
16.178280570 14086.0
16.184845711 14330.0
16.191410852 14035.0
16.197975994 14095.0
16.204541135 14317.0
16.211106276 14092.0
16.217671418 14236.0
16.224236559 14360.0
16.230801700 14306.0
16.237366842 14011.0
16.243931983 14173.0
16.250497124 14218.0
16.257062266 14321.0
16.263627407 14158.0
16.270192548 14104.0
16.276757690 14481.0
16.283322831 14272.0
16.289887972 14247.0
16.296453114 14160.0
16.303018255 14261.0
16.309583396 14187.0
16.316148538 14319.0
16.322713679 14311.0
16.329278820 14314.0
16.335843962 14245.0
16.342409103 14399.0
16.348974244 14313.0
16.355539386 14362.0
16.362104527 14332.0
16.368669668 14189.0
16.375234810 14240.0
16.381799951 14219.0
16.388365092 14402.0
16.394930234 14217.0
16.401495375 14402.0
16.408060516 14244.0
16.414625658 14227.0
16.421190799 14350.0
16.427755940 14343.0
16.434321082 14131.0
16.440886223 14246.0
16.447451364 14270.0
16.454016506 14148.0
16.460581647 14238.0
16.467146788 14344.0
16.473711930 14330.0
16.480277071 14329.0
16.486842212 14279.0
16.493407354 14522.0
16.499972495 14449.0
16.506537636 14415.0
16.513102778 14570.0
16.519667919 14410.0
16.526233060 14353.0
16.532798202 14387.0
16.539363343 14178.0
16.545928485 14387.0
16.552493626 14308.0
16.559058767 14496.0
16.565623909 14498.0
16.572189050 14343.0
16.578754191 14399.0
16.585319333 14538.0
16.591884474 14481.0
16.598449615 14294.0
16.605014757 14169.0
16.611579898 14358.0
16.618145039 14239.0
16.624710181 14439.0
16.631275322 14632.0
16.637840463 14258.0
16.644405605 14413.0
16.650970746 14512.0
16.657535887 14227.0
16.664101029 14384.0
16.670666170 14420.0
16.677231311 14210.0
16.683796453 14298.0
16.690361594 14394.0
16.696926735 14248.0
16.703491877 14157.0
16.710057018 14470.0
16.716622159 14273.0
16.723187301 14409.0
16.729752442 14553.0
16.736317583 14642.0
16.742882725 14442.0
16.749447866 14762.0
16.756013007 14547.0
16.762578149 14463.0
16.769143290 14475.0
16.775708431 14345.0
16.782273573 14485.0
16.788838714 14609.0
16.795403855 14468.0
16.801968997 14491.0
16.808534138 14439.0
16.815099279 14413.0
16.821664421 14341.0
16.828229562 14558.0
16.834794703 14358.0
16.841359845 14264.0
16.847924986 14470.0
16.854490127 14708.0
16.861055269 14552.0
16.867620410 14555.0
16.874185551 14578.0
16.880750693 14362.0
16.887315834 14665.0
16.893880975 14490.0
16.900446117 14539.0
16.907011258 14773.0
16.913576399 14407.0
16.920141541 14545.0
16.926706682 14380.0
16.933271823 14491.0
16.939836965 14460.0
16.946402106 14476.0
16.952967248 14402.0
16.959532389 14615.0
16.966097530 14531.0
16.972662672 14407.0
16.979227813 14699.0
16.985792954 14537.0
16.992358096 14663.0
16.998923237 14579.0
17.005488378 14686.0
17.012053520 14552.0
17.018618661 14425.0
17.025183802 14512.0
17.031748944 14555.0
17.038314085 14490.0
17.044879226 14516.0
17.051444368 14781.0
17.058009509 14345.0
17.064574650 14671.0
17.071139792 14600.0
17.077704933 14631.0
17.084270074 14703.0
17.090835216 14680.0
17.097400357 14722.0
17.103965498 14530.0
17.110530640 14599.0
17.117095781 14405.0
17.123660922 14807.0
17.130226064 14648.0
17.136791205 14617.0
17.143356346 14406.0
17.149921488 14596.0
17.156486629 14667.0
17.163051770 14729.0
17.169616912 14586.0
17.176182053 14752.0
17.182747194 14778.0
17.189312336 14631.0
17.195877477 14526.0
17.202442618 14576.0
17.209007760 14687.0
17.215572901 14714.0
17.222138042 14531.0
17.228703184 14765.0
17.235268325 14888.0
17.241833466 14844.0
17.248398608 14558.0
17.254963749 14752.0
17.261528890 14815.0
17.268094032 14670.0
17.274659173 14658.0
17.281224314 14519.0
17.287789456 14768.0
17.294354597 14767.0
17.300919738 14716.0
17.307484880 14749.0
17.314050021 14666.0
17.320615162 14629.0
17.327180304 14699.0
17.333745445 14950.0
17.340310586 14695.0
17.346875728 14521.0
17.353440869 14535.0
17.360006010 14642.0
17.366571152 14655.0
17.373136293 14568.0
17.379701435 14754.0
17.386266576 14803.0
17.392831717 14809.0
17.399396859 14728.0
17.405962000 14666.0
17.412527141 14762.0
17.419092283 14720.0
17.425657424 14785.0
17.432222565 14797.0
17.438787707 14771.0
17.445352848 14581.0
17.451917989 14765.0
17.458483131 14879.0
17.465048272 14665.0
17.471613413 15004.0
17.478178555 14803.0
17.484743696 14643.0
17.491308837 14831.0
17.497873979 14613.0
17.504439120 14926.0
17.511004261 14960.0
17.517569403 14639.0
17.524134544 14890.0
17.530699685 14729.0
17.537264827 14695.0
17.543829968 14697.0
17.550395109 14846.0
17.556960251 14658.0
17.563525392 14714.0
17.570090533 14737.0
17.576655675 14716.0
17.583220816 14779.0
17.589785957 14833.0
17.596351099 14668.0
17.602916240 14899.0
17.609481381 14902.0
17.616046523 15031.0
17.622611664 14777.0
17.629176805 14752.0
17.635741947 14884.0
17.642307088 14830.0
17.648872229 14855.0
17.655437371 14708.0
17.662002512 14722.0
17.668567653 14754.0
17.675132795 14725.0
17.681697936 15058.0
17.688263077 14949.0
17.694828219 14778.0
17.701393360 14767.0
17.707958501 14755.0
17.714523643 14764.0
17.721088784 14938.0
17.727653925 14772.0
17.734219067 14799.0
17.740784208 14899.0
17.747349349 14920.0
17.753914491 14937.0
17.760479632 14732.0
17.767044773 14773.0
17.773609915 14791.0
17.780175056 15024.0
17.786740197 15034.0
17.793305339 14910.0
17.799870480 15155.0
17.806435622 14849.0
17.813000763 15002.0
17.819565904 14973.0
17.826131046 15259.0
17.832696187 15051.0
17.839261328 14819.0
17.845826470 15227.0
17.852391611 14782.0
17.858956752 15131.0
17.865521894 15069.0
17.872087035 15086.0
17.878652176 15003.0
17.885217318 14981.0
17.891782459 15137.0
17.898347600 15045.0
17.904912742 15001.0
17.911477883 14946.0
17.918043024 15340.0
17.924608166 15340.0
17.931173307 14965.0
17.937738448 15584.0
17.944303590 15142.0
17.950868731 15204.0
17.957433872 15055.0
17.963999014 15142.0
17.970564155 15100.0
17.977129296 15265.0
17.983694438 15472.0
17.990259579 15398.0
17.996824720 15235.0
18.003389862 15448.0
18.009955003 15036.0
18.016520144 15289.0
18.023085286 15153.0
18.029650427 15080.0
18.036215568 15321.0
18.042780710 15265.0
18.049345851 15486.0
18.055910992 15380.0
18.062476134 15703.0
18.069041275 15374.0
18.075606416 15562.0
18.082171558 15498.0
18.088736699 15713.0
18.095301840 15549.0
18.101866982 15573.0
18.108432123 15732.0
18.114997264 15451.0
18.121562406 15678.0
18.128127547 15666.0
18.134692688 15693.0
18.141257830 15721.0
18.147822971 15964.0
18.154388112 15660.0
18.160953254 15968.0
18.167518395 15668.0
18.174083536 15893.0
18.180648678 15938.0
18.187213819 15822.0
18.193778960 16096.0
18.200344102 15926.0
18.206909243 16012.0
18.213474385 15987.0
18.220039526 15928.0
18.226604667 16025.0
18.233169809 16142.0
18.239734950 16195.0
18.246300091 16127.0
18.252865233 16245.0
18.259430374 16230.0
18.265995515 16370.0
18.272560657 16299.0
18.279125798 16466.0
18.285690939 16591.0
18.292256081 16623.0
18.298821222 16501.0
18.305386363 16660.0
18.311951505 16660.0
18.318516646 16791.0
18.325081787 16986.0
18.331646929 16970.0
18.338212070 17144.0
18.344777211 17296.0
18.351342353 17513.0
18.357907494 17718.0
18.364472635 17538.0
18.371037777 17691.0
18.377602918 17736.0
18.384168059 18222.0
18.390733201 18456.0
18.397298342 18277.0
18.403863483 18545.0
18.410428625 19119.0
18.416993766 19224.0
18.423558907 19153.0
18.430124049 20112.0
18.436689190 20118.0
18.443254331 20558.0
18.449819473 20711.0
18.456384614 20880.0
18.462949755 21470.0
18.469514897 22259.0
18.476080038 22633.0
18.482645179 22871.0
18.489210321 23308.0
18.495775462 24149.0
18.502340603 25169.0
18.508905745 25514.0
18.515470886 26517.0
18.522036027 27298.0
18.528601169 28140.0
18.535166310 29427.0
18.541731451 30034.0
18.548296593 31431.0
18.554861734 32910.0
18.561426875 34121.0
18.567992017 35770.0
18.574557158 37153.0
18.581122299 39443.0
18.587687441 40502.0
18.594252582 42965.0
18.600817723 45032.0
18.607382865 47628.0
18.613948006 50704.0
18.620513147 53755.0
18.627078289 56987.0
18.633643430 60971.0
18.640208572 64602.0
18.646773713 68790.0
18.653338854 73653.0
18.659903996 79282.0
18.666469137 85010.0
18.673034278 91742.0
18.679599420 97669.0
18.686164561 106143.0
18.692729702 113864.0
18.699294844 123074.0
18.705859985 133024.0
18.712425126 144212.0
18.718990268 156352.0
18.725555409 169851.0
18.732120550 183216.0
18.738685692 196625.0
18.745250833 211221.0
18.751815974 224150.0
18.758381116 235099.0
18.764946257 242492.0
18.771511398 245628.0
18.778076540 244520.0
18.784641681 235531.0
18.791206822 224709.0
18.797771964 210555.0
18.804337105 195654.0
18.810902246 179555.0
18.817467388 163668.0
18.824032529 148020.0
18.830597670 132418.0
18.837162812 116596.0
18.843727953 101195.0
18.850293094 87487.0
18.856858236 74789.0
18.863423377 63995.0
18.869988518 56080.0
18.876553660 48326.0
18.883118801 42630.0
18.889683942 37987.0
18.896249084 34641.0
18.902814225 31792.0
18.909379366 29277.0
18.915944508 27847.0
18.922509649 26310.0
18.929074790 25358.0
18.935639932 24269.0
18.942205073 23243.0
18.948770214 22562.0
18.955335356 22144.0
18.961900497 21736.0
18.968465638 20990.0
18.975030780 20671.0
18.981595921 20121.0
18.988161062 20097.0
18.994726204 19542.0
19.001291345 19405.0
19.007856486 18959.0
19.014421628 18860.0
19.020986769 18506.0
19.027551910 18244.0
19.034117052 18304.0
19.040682193 17876.0
19.047247334 18010.0
19.053812476 17962.0
19.060377617 17860.0
19.066942759 17789.0
19.073507900 17567.0
19.080073041 17485.0
19.086638183 17118.0
19.093203324 17250.0
19.099768465 17109.0
19.106333607 17137.0
19.112898748 16921.0
19.119463889 17014.0
19.126029031 16614.0
19.132594172 16684.0
19.139159313 16593.0
19.145724455 16880.0
19.152289596 16357.0
19.158854737 16799.0
19.165419879 16515.0
19.171985020 16491.0
19.178550161 16444.0
19.185115303 16416.0
19.191680444 16014.0
19.198245585 16543.0
19.204810727 16121.0
19.211375868 16131.0
19.217941009 16137.0
19.224506151 16211.0
19.231071292 16166.0
19.237636433 16140.0
19.244201575 15969.0
19.250766716 15950.0
19.257331857 16272.0
19.263896999 15958.0
19.270462140 15869.0
19.277027281 15701.0
19.283592423 16063.0
19.290157564 15944.0
19.296722705 15951.0
19.303287847 15851.0
19.309852988 15690.0
19.316418129 15931.0
19.322983271 15621.0
19.329548412 15887.0
19.336113553 15754.0
19.342678695 15665.0
19.349243836 15772.0
19.355808977 15785.0
19.362374119 15707.0
19.368939260 15764.0
19.375504401 15756.0
19.382069543 15544.0
19.388634684 15794.0
19.395199825 15662.0
19.401764967 15663.0
19.408330108 15735.0
19.414895249 15576.0
19.421460391 15793.0
19.428025532 15538.0
19.434590673 15653.0
19.441155815 15566.0
19.447720956 15717.0
19.454286097 15540.0
19.460851239 15549.0
19.467416380 15775.0
19.473981522 15542.0
19.480546663 15458.0
19.487111804 15200.0
19.493676946 15685.0
19.500242087 15622.0
19.506807228 15407.0
19.513372370 15638.0
19.519937511 15525.0
19.526502652 15255.0
19.533067794 15460.0
19.539632935 15476.0
19.546198076 15792.0
19.552763218 15704.0
19.559328359 15537.0
19.565893500 15261.0
19.572458642 15469.0
19.579023783 15448.0
19.585588924 15525.0
19.592154066 15549.0
19.598719207 15570.0
19.605284348 15484.0
19.611849490 15484.0
19.618414631 15578.0
19.624979772 15739.0
19.631544914 15416.0
19.638110055 15534.0
19.644675196 15440.0
19.651240338 15565.0
19.657805479 15451.0
19.664370620 15503.0
19.670935762 15719.0
19.677500903 15458.0
19.684066044 15558.0
19.690631186 15451.0
19.697196327 15325.0
19.703761468 15561.0
19.710326610 15502.0
19.716891751 15339.0
19.723456892 15642.0
19.730022034 15388.0
19.736587175 15613.0
19.743152316 15640.0
19.749717458 15658.0
19.756282599 15451.0
19.762847740 15310.0
19.769412882 15399.0
19.775978023 15513.0
19.782543164 15425.0
19.789108306 15161.0
19.795673447 15242.0
19.802238588 15471.0
19.808803730 15477.0
19.815368871 15226.0
19.821934012 15485.0
19.828499154 15462.0
19.835064295 15358.0
19.841629436 15215.0
19.848194578 15288.0
19.854759719 15428.0
19.861324860 15264.0
19.867890002 15594.0
19.874455143 15290.0
19.881020284 15394.0
19.887585426 15205.0
19.894150567 15598.0
19.900715709 15380.0
19.907280850 15628.0
19.913845991 15378.0
19.920411133 15321.0
19.926976274 15374.0
19.933541415 15534.0
19.940106557 15209.0
19.946671698 15428.0
19.953236839 15479.0
19.959801981 15490.0
19.966367122 15434.0
19.972932263 15316.0
19.979497405 15392.0
19.986062546 15140.0
19.992627687 15320.0
19.999192829 15318.0
20.005757970 15425.0
20.012323111 15412.0
20.018888253 15343.0
20.025453394 15231.0
20.032018535 15438.0
20.038583677 15365.0
20.045148818 15371.0
20.051713959 15446.0
20.058279101 15340.0
20.064844242 15212.0
20.071409383 15490.0
20.077974525 15395.0
20.084539666 15519.0
20.091104807 15326.0
20.097669949 15282.0
20.104235090 15592.0
20.110800231 15151.0
20.117365373 15299.0
20.123930514 15464.0
20.130495655 15425.0
20.137060797 15516.0
20.143625938 15351.0
20.150191079 15501.0
20.156756221 15332.0
20.163321362 15459.0
20.169886503 15344.0
20.176451645 15340.0
20.183016786 15572.0
20.189581927 15492.0
20.196147069 15292.0
20.202712210 15418.0
20.209277351 15419.0
20.215842493 15473.0
20.222407634 15331.0
20.228972775 15585.0
20.235537917 15312.0
20.242103058 15550.0
20.248668199 15404.0
20.255233341 15285.0
20.261798482 15678.0
20.268363623 15346.0
20.274928765 15408.0
20.281493906 15541.0
20.288059047 15239.0
20.294624189 15178.0
20.301189330 15307.0
20.307754471 15476.0
20.314319613 15396.0
20.320884754 15473.0
20.327449896 15383.0
20.334015037 15360.0
20.340580178 15403.0
20.347145320 15296.0
20.353710461 15373.0
20.360275602 15225.0
20.366840744 15287.0
20.373405885 15736.0
20.379971026 15366.0
20.386536168 15480.0
20.393101309 15516.0
20.399666450 15413.0
20.406231592 15410.0
20.412796733 15424.0
20.419361874 15659.0
20.425927016 15541.0
20.432492157 15522.0
20.439057298 15391.0
20.445622440 15353.0
20.452187581 15335.0
20.458752722 15586.0
20.465317864 15451.0
20.471883005 15398.0
20.478448146 15245.0
20.485013288 15424.0
20.491578429 15280.0
20.498143570 15351.0
20.504708712 15522.0
20.511273853 15223.0
20.517838994 15377.0
20.524404136 15562.0
20.530969277 15519.0
20.537534418 15347.0
20.544099560 15247.0
20.550664701 15212.0
20.557229842 15306.0
20.563794984 15175.0
20.570360125 15649.0
20.576925266 15408.0
20.583490408 15566.0
20.590055549 15185.0
20.596620690 15184.0
20.603185832 15369.0
20.609750973 15446.0
20.616316114 15442.0
20.622881256 15481.0
20.629446397 15457.0
20.636011538 15497.0
20.642576680 15526.0
20.649141821 15365.0
20.655706962 15437.0
20.662272104 15153.0
20.668837245 15350.0
20.675402386 15458.0
20.681967528 15376.0
20.688532669 15422.0
20.695097810 15323.0
20.701662952 15362.0
20.708228093 15356.0
20.714793234 15374.0
20.721358376 15212.0
20.727923517 15310.0
20.734488658 15336.0
20.741053800 15523.0
20.747618941 15488.0
20.754184083 15439.0
20.760749224 15384.0
20.767314365 15609.0
20.773879507 15411.0
20.780444648 15534.0
20.787009789 15546.0
20.793574931 15495.0
20.800140072 15212.0
20.806705213 15450.0
20.813270355 15498.0
20.819835496 15405.0
20.826400637 15388.0
20.832965779 15501.0
20.839530920 15540.0
20.846096061 15418.0
20.852661203 15426.0
20.859226344 15383.0
20.865791485 15432.0
20.872356627 15153.0
20.878921768 15351.0
20.885486909 15399.0
20.892052051 15443.0
20.898617192 15448.0
20.905182333 15427.0
20.911747475 15413.0
20.918312616 15595.0
20.924877757 15418.0
20.931442899 15355.0
20.938008040 15504.0
20.944573181 15667.0
20.951138323 15425.0
20.957703464 15298.0
20.964268605 15397.0
20.970833747 15230.0
20.977398888 15382.0
20.983964029 15308.0
20.990529171 15409.0
20.997094312 15409.0
21.003659453 15295.0
21.010224595 15506.0
21.016789736 15462.0
21.023354877 15431.0
21.029920019 15288.0
21.036485160 15512.0
21.043050301 15460.0
21.049615443 15496.0
21.056180584 15303.0
21.062745725 15341.0
21.069310867 15411.0
21.075876008 15329.0
21.082441149 15370.0
21.089006291 15353.0
21.095571432 15261.0
21.102136573 15333.0
21.108701715 15324.0
21.115266856 15606.0
21.121831997 15392.0
21.128397139 15337.0
21.134962280 15170.0
21.141527421 15426.0
21.148092563 15689.0
21.154657704 15654.0
21.161222846 15345.0
21.167787987 15403.0
21.174353128 15418.0
21.180918270 15339.0
21.187483411 15515.0
21.194048552 15420.0
21.200613694 15517.0
21.207178835 15387.0
21.213743976 15249.0
21.220309118 15215.0
21.226874259 15572.0
21.233439400 15276.0
21.240004542 15446.0
21.246569683 15387.0
21.253134824 15587.0
21.259699966 15543.0
21.266265107 15374.0
21.272830248 15362.0
21.279395390 15404.0
21.285960531 15452.0
21.292525672 15356.0
21.299090814 15394.0
21.305655955 15478.0
21.312221096 15390.0
21.318786238 15436.0
21.325351379 15566.0
21.331916520 15775.0
21.338481662 15496.0
21.345046803 15491.0
21.351611944 15601.0
21.358177086 15441.0
21.364742227 15475.0
21.371307368 15492.0
21.377872510 15415.0
21.384437651 15619.0
21.391002792 15380.0
21.397567934 15521.0
21.404133075 15157.0
21.410698216 15509.0
21.417263358 15247.0
21.423828499 15346.0
21.430393640 15078.0
21.436958782 15461.0
21.443523923 15435.0
21.450089064 15678.0
21.456654206 15408.0
21.463219347 15388.0
21.469784488 15353.0
21.476349630 15412.0
21.482914771 15410.0
21.489479912 15367.0
21.496045054 15566.0
21.502610195 15410.0
21.509175336 15347.0
21.515740478 15437.0
21.522305619 15364.0
21.528870760 15304.0
21.535435902 15438.0
21.542001043 15287.0
21.548566184 15543.0
21.555131326 15373.0
21.561696467 15378.0
21.568261608 15341.0
21.574826750 15400.0
21.581391891 15378.0
21.587957033 15466.0
21.594522174 15386.0
21.601087315 15295.0
21.607652457 15166.0
21.614217598 15480.0
21.620782739 15575.0
21.627347881 15634.0
21.633913022 15468.0
21.640478163 15590.0
21.647043305 15570.0
21.653608446 15328.0
21.660173587 15467.0
21.666738729 15308.0
21.673303870 15335.0
21.679869011 15293.0
21.686434153 15301.0
21.692999294 15031.0
21.699564435 15433.0
21.706129577 15428.0
21.712694718 15421.0
21.719259859 15488.0
21.725825001 15371.0
21.732390142 15310.0
21.738955283 15270.0
21.745520425 15126.0
21.752085566 15258.0
21.758650707 15268.0
21.765215849 15375.0
21.771780990 15119.0
21.778346131 15321.0
21.784911273 15441.0
21.791476414 15495.0
21.798041555 15425.0
21.804606697 15233.0
21.811171838 15229.0
21.817736979 15169.0
21.824302121 15309.0
21.830867262 15459.0
21.837432403 15586.0
21.843997545 15308.0
21.850562686 15172.0
21.857127827 15483.0
21.863692969 15392.0
21.870258110 15377.0
21.876823251 15496.0
21.883388393 15334.0
21.889953534 15370.0
21.896518675 15459.0
21.903083817 15397.0
21.909648958 15359.0
21.916214099 15458.0
21.922779241 15417.0
21.929344382 15551.0
21.935909523 15434.0
21.942474665 15608.0
21.949039806 15316.0
21.955604947 15419.0
21.962170089 15400.0
21.968735230 15376.0
21.975300371 15659.0
21.981865513 15485.0
21.988430654 15280.0
21.994995795 15565.0
22.001560937 15297.0
22.008126078 15415.0
22.014691220 15416.0
22.021256361 15602.0
22.027821502 15506.0
22.034386644 15497.0
22.040951785 15374.0
22.047516926 15475.0
22.054082068 15464.0
22.060647209 15348.0
22.067212350 15505.0
22.073777492 15362.0
22.080342633 15434.0
22.086907774 15294.0
22.093472916 15401.0
22.100038057 15161.0
22.106603198 15459.0
22.113168340 15381.0
22.119733481 15456.0
22.126298622 15602.0
22.132863764 15443.0
22.139428905 15646.0
22.145994046 15504.0
22.152559188 15343.0
22.159124329 15439.0
22.165689470 15495.0
22.172254612 15477.0
22.178819753 15469.0
22.185384894 15413.0
22.191950036 15414.0
22.198515177 15533.0
22.205080318 15568.0
22.211645460 15615.0
22.218210601 15382.0
22.224775742 15612.0
22.231340884 15614.0
22.237906025 15493.0
22.244471166 15622.0
22.251036308 15438.0
22.257601449 15480.0
22.264166590 15718.0
22.270731732 15364.0
22.277296873 15820.0
22.283862014 15522.0
22.290427156 15493.0
22.296992297 15339.0
22.303557438 15548.0
22.310122580 15543.0
22.316687721 15618.0
22.323252862 15605.0
22.329818004 15569.0
22.336383145 15701.0
22.342948286 15703.0
22.349513428 15444.0
22.356078569 15648.0
22.362643710 15683.0
22.369208852 15471.0
22.375773993 15689.0
22.382339134 15711.0
22.388904276 15852.0
22.395469417 15734.0
22.402034558 15837.0
22.408599700 15685.0
22.415164841 15727.0
22.421729983 15848.0
22.428295124 15487.0
22.434860265 15659.0
22.441425407 15650.0
22.447990548 15356.0
22.454555689 15478.0
22.461120831 15243.0
22.467685972 15644.0
22.474251113 15465.0
22.480816255 15373.0
22.487381396 15470.0
22.493946537 15601.0
22.500511679 15484.0
22.507076820 15420.0
22.513641961 15454.0
22.520207103 15592.0
22.526772244 15758.0
22.533337385 15301.0
22.539902527 15350.0
22.546467668 15471.0
22.553032809 15450.0
22.559597951 15524.0
22.566163092 15597.0
22.572728233 15522.0
22.579293375 15482.0
22.585858516 15719.0
22.592423657 15513.0
22.598988799 15520.0
22.605553940 15594.0
22.612119081 15400.0
22.618684223 15225.0
22.625249364 15584.0
22.631814505 15574.0
22.638379647 15371.0
22.644944788 15531.0
22.651509929 15449.0
22.658075071 15497.0
22.664640212 15272.0
22.671205353 15466.0
22.677770495 15639.0
22.684335636 15488.0
22.690900777 15452.0
22.697465919 15473.0
22.704031060 15481.0
22.710596201 15548.0
22.717161343 15467.0
22.723726484 15474.0
22.730291625 15358.0
22.736856767 15523.0
22.743421908 15717.0
22.749987049 15595.0
22.756552191 15767.0
22.763117332 15537.0
22.769682473 15429.0
22.776247615 15216.0
22.782812756 15260.0
22.789377897 15541.0
22.795943039 15328.0
22.802508180 15407.0
22.809073321 15368.0
22.815638463 15531.0
22.822203604 15505.0
22.828768745 15494.0
22.835333887 15403.0
22.841899028 15445.0
22.848464170 15429.0
22.855029311 15391.0
22.861594452 15401.0
22.868159594 15419.0
22.874724735 15728.0
22.881289876 15661.0
22.887855018 15492.0
22.894420159 15438.0
22.900985300 15616.0
22.907550442 15259.0
22.914115583 15571.0
22.920680724 15567.0
22.927245866 15321.0
22.933811007 15458.0
22.940376148 15568.0
22.946941290 15580.0
22.953506431 15643.0
22.960071572 15528.0
22.966636714 15294.0
22.973201855 15822.0
22.979766996 15751.0
22.986332138 15305.0
22.992897279 15676.0
22.999462420 15466.0
23.006027562 15509.0
23.012592703 15693.0
23.019157844 15470.0
23.025722986 15552.0
23.032288127 15619.0
23.038853268 15484.0
23.045418410 15557.0
23.051983551 15575.0
23.058548692 15542.0
23.065113834 15598.0
23.071678975 15510.0
23.078244116 15716.0
23.084809258 15631.0
23.091374399 15559.0
23.097939540 15543.0
23.104504682 15404.0
23.111069823 15612.0
23.117634964 15261.0
23.124200106 15573.0
23.130765247 15609.0
23.137330388 15459.0
23.143895530 15639.0
23.150460671 15495.0
23.157025812 15510.0
23.163590954 15544.0
23.170156095 15568.0
23.176721236 15511.0
23.183286378 15573.0
23.189851519 15386.0
23.196416660 15273.0
23.202981802 15575.0
23.209546943 15712.0
23.216112084 15404.0
23.222677226 15392.0
23.229242367 15290.0
23.235807508 15517.0
23.242372650 15558.0
23.248937791 15167.0
23.255502932 15586.0
23.262068074 15578.0
23.268633215 15599.0
23.275198357 15521.0
23.281763498 15779.0
23.288328639 15626.0
23.294893781 15523.0
23.301458922 15499.0
23.308024063 15461.0
23.314589205 15621.0
23.321154346 15660.0
23.327719487 15677.0
23.334284629 15495.0
23.340849770 15641.0
23.347414911 15647.0
23.353980053 15576.0
23.360545194 15481.0
23.367110335 15552.0
23.373675477 15703.0
23.380240618 15583.0
23.386805759 15755.0
23.393370901 15684.0
23.399936042 15629.0
23.406501183 15569.0
23.413066325 15524.0
23.419631466 15573.0
23.426196607 15495.0
23.432761749 15533.0
23.439326890 15659.0
23.445892031 15382.0
23.452457173 15746.0
23.459022314 15405.0
23.465587455 15607.0
23.472152597 15548.0
23.478717738 15616.0
23.485282879 15463.0
23.491848021 15472.0
23.498413162 15616.0
23.504978303 15314.0
23.511543445 15451.0
23.518108586 15741.0
23.524673727 15610.0
23.531238869 15700.0
23.537804010 15415.0
23.544369151 15498.0
23.550934293 15733.0
23.557499434 15397.0
23.564064575 15708.0
23.570629717 15694.0
23.577194858 15508.0
23.583759999 15692.0
23.590325141 15615.0
23.596890282 15606.0
23.603455423 15871.0
23.610020565 15564.0
23.616585706 15403.0
23.623150847 15867.0
23.629715989 15633.0
23.636281130 15510.0
23.642846271 15785.0
23.649411413 15433.0
23.655976554 15708.0
23.662541695 15642.0
23.669106837 15568.0
23.675671978 15650.0
23.682237119 15542.0
23.688802261 15540.0
23.695367402 15540.0
23.701932544 15643.0
23.708497685 15784.0
23.715062826 15583.0
23.721627968 15657.0
23.728193109 15735.0
23.734758250 15573.0
23.741323392 15512.0
23.747888533 15847.0
23.754453674 15506.0
23.761018816 15757.0
23.767583957 15574.0
23.774149098 15752.0
23.780714240 15727.0
23.787279381 15789.0
23.793844522 15861.0
23.800409664 15714.0
23.806974805 15450.0
23.813539946 15646.0
23.820105088 15568.0
23.826670229 15640.0
23.833235370 15635.0
23.839800512 15753.0
23.846365653 15634.0
23.852930794 15279.0
23.859495936 15511.0
23.866061077 15555.0
23.872626218 15507.0
23.879191360 15501.0
23.885756501 15470.0
23.892321642 15410.0
23.898886784 15536.0
23.905451925 15771.0
23.912017066 15570.0
23.918582208 15378.0
23.925147349 15605.0
23.931712490 15545.0
23.938277632 15664.0
23.944842773 15563.0
23.951407914 15737.0
23.957973056 15633.0
23.964538197 15603.0
23.971103338 15626.0
23.977668480 15536.0
23.984233621 15489.0
23.990798762 15385.0
23.997363904 15767.0
24.003929045 15673.0
24.010494186 15644.0
24.017059328 15750.0
24.023624469 15602.0
24.030189610 15525.0
24.036754752 15545.0
24.043319893 15397.0
24.049885034 15603.0
24.056450176 15513.0
24.063015317 15482.0
24.069580458 15769.0
24.076145600 15721.0
24.082710741 15745.0
24.089275882 15568.0
24.095841024 15664.0
24.102406165 15762.0
24.108971307 15560.0
24.115536448 15715.0
24.122101589 15546.0
24.128666731 15687.0
24.135231872 15614.0
24.141797013 15682.0
24.148362155 15487.0
24.154927296 15773.0
24.161492437 15661.0
24.168057579 15497.0
24.174622720 15738.0
24.181187861 15703.0
24.187753003 15671.0
24.194318144 15728.0
24.200883285 15678.0
24.207448427 15733.0
24.214013568 15865.0
24.220578709 15606.0
24.227143851 15478.0
24.233708992 15591.0
24.240274133 15578.0
24.246839275 15627.0
24.253404416 15523.0
24.259969557 15733.0
24.266534699 15784.0
24.273099840 15565.0
24.279664981 15699.0
24.286230123 15545.0
24.292795264 15491.0
24.299360405 15816.0
24.305925547 15381.0
24.312490688 15545.0
24.319055829 15414.0
24.325620971 15707.0
24.332186112 15918.0
24.338751253 15561.0
24.345316395 15671.0
24.351881536 15429.0
24.358446677 15559.0
24.365011819 15541.0
24.371576960 15621.0
24.378142101 15673.0
24.384707243 15530.0
24.391272384 15790.0
24.397837525 15335.0
24.404402667 15976.0
24.410967808 15543.0
24.417532949 15540.0
24.424098091 15910.0
24.430663232 15716.0
24.437228373 15606.0
24.443793515 15627.0
24.450358656 15598.0
24.456923797 15432.0
24.463488939 15569.0
24.470054080 15823.0
24.476619221 15568.0
24.483184363 15739.0
24.489749504 15732.0
24.496314645 15425.0
24.502879787 15697.0
24.509444928 15658.0
24.516010069 15692.0
24.522575211 15672.0
24.529140352 15691.0
24.535705494 15711.0
24.542270635 15575.0
24.548835776 15796.0
24.555400918 15677.0
24.561966059 15721.0
24.568531200 15621.0
24.575096342 15625.0
24.581661483 15673.0
24.588226624 15570.0
24.594791766 15665.0
24.601356907 15580.0
24.607922048 15722.0
24.614487190 15525.0
24.621052331 15734.0
24.627617472 15536.0
24.634182614 15628.0
24.640747755 15875.0
24.647312896 15628.0
24.653878038 15646.0
24.660443179 15803.0
24.667008320 15867.0
24.673573462 15597.0
24.680138603 15591.0
24.686703744 15668.0
24.693268886 15721.0
24.699834027 15782.0
24.706399168 16022.0
24.712964310 15909.0
24.719529451 15591.0
24.726094592 15713.0
24.732659734 15971.0
24.739224875 15699.0
24.745790016 15765.0
24.752355158 15733.0
24.758920299 16013.0
24.765485440 15863.0
24.772050582 15550.0
24.778615723 16049.0
24.785180864 15810.0
24.791746006 15886.0
24.798311147 15562.0
24.804876288 15691.0
24.811441430 15658.0
24.818006571 15504.0
24.824571712 15592.0
24.831136854 15677.0
24.837701995 15723.0
24.844267136 15764.0
24.850832278 15571.0
24.857397419 15713.0
24.863962560 15642.0
24.870527702 15764.0
24.877092843 15892.0
24.883657984 15656.0
24.890223126 15676.0
24.896788267 15548.0
24.903353408 15662.0
24.909918550 15505.0
24.916483691 15468.0
24.923048832 15901.0
24.929613974 15913.0
24.936179115 15784.0
24.942744256 15869.0
24.949309398 15925.0
24.955874539 15676.0
24.962439681 15569.0
24.969004822 15745.0
24.975569963 15563.0
24.982135105 15656.0
24.988700246 15632.0
24.995265387 15441.0
25.001830529 15621.0
25.008395670 15859.0
25.014960811 15861.0
25.021525953 15782.0
25.028091094 15750.0
25.034656235 15873.0
25.041221377 15743.0
25.047786518 15849.0
25.054351659 15537.0
25.060916801 15713.0
25.067481942 15495.0
25.074047083 15586.0
25.080612225 15851.0
25.087177366 15893.0
25.093742507 15583.0
25.100307649 15535.0
25.106872790 15908.0
25.113437931 15662.0
25.120003073 15666.0
25.126568214 15607.0
25.133133355 15699.0
25.139698497 15743.0
25.146263638 15900.0
25.152828779 15719.0
25.159393921 15854.0
25.165959062 15883.0
25.172524203 15544.0
25.179089345 15531.0
25.185654486 15757.0
25.192219627 15540.0
25.198784769 15654.0
25.205349910 15771.0
25.211915051 15881.0
25.218480193 15776.0
25.225045334 15827.0
25.231610475 15575.0
25.238175617 15610.0
25.244740758 15682.0
25.251305899 15669.0
25.257871041 15797.0
25.264436182 15870.0
25.271001323 15784.0
25.277566465 15679.0
25.284131606 15750.0
25.290696747 15846.0
25.297261889 15684.0
25.303827030 15627.0
25.310392171 15757.0
25.316957313 15714.0
25.323522454 15834.0
25.330087595 15833.0
25.336652737 15686.0
25.343217878 15667.0
25.349783019 15801.0
25.356348161 15885.0
25.362913302 15600.0
25.369478444 15676.0
25.376043585 15589.0
25.382608726 15555.0
25.389173868 15817.0
25.395739009 15754.0
25.402304150 15775.0
25.408869292 15673.0
25.415434433 15710.0
25.421999574 15821.0
25.428564716 15805.0
25.435129857 15728.0
25.441694998 15698.0
25.448260140 15739.0
25.454825281 15529.0
25.461390422 15734.0
25.467955564 15698.0
25.474520705 16035.0
25.481085846 15768.0
25.487650988 15846.0
25.494216129 15734.0
25.500781270 15710.0
25.507346412 15898.0
25.513911553 15772.0
25.520476694 15920.0
25.527041836 15661.0
25.533606977 15748.0
25.540172118 15844.0
25.546737260 15928.0
25.553302401 15932.0
25.559867542 16001.0
25.566432684 15751.0
25.572997825 15639.0
25.579562966 15677.0
25.586128108 16014.0
25.592693249 15917.0
25.599258390 15990.0
25.605823532 15898.0
25.612388673 15862.0
25.618953814 15872.0
25.625518956 15897.0
25.632084097 15919.0
25.638649238 15905.0
25.645214380 15748.0
25.651779521 16068.0
25.658344662 15896.0
25.664909804 15926.0
25.671474945 15659.0
25.678040086 15844.0
25.684605228 15887.0
25.691170369 16092.0
25.697735510 16085.0
25.704300652 16062.0
25.710865793 15784.0
25.717430934 15623.0
25.723996076 15932.0
25.730561217 15805.0
25.737126358 15717.0
25.743691500 15790.0
25.750256641 15520.0
25.756821782 15807.0
25.763386924 15758.0
25.769952065 15889.0
25.776517206 16013.0
25.783082348 15890.0
25.789647489 15635.0
25.796212631 15812.0
25.802777772 15756.0
25.809342913 15698.0
25.815908055 15973.0
25.822473196 16002.0
25.829038337 15566.0
25.835603479 15817.0
25.842168620 15636.0
25.848733761 15654.0
25.855298903 15692.0
25.861864044 15695.0
25.868429185 15739.0
25.874994327 15857.0
25.881559468 15691.0
25.888124609 15711.0
25.894689751 15669.0
25.901254892 16057.0
25.907820033 15881.0
25.914385175 15609.0
25.920950316 15680.0
25.927515457 15897.0
25.934080599 15966.0
25.940645740 15914.0
25.947210881 15947.0
25.953776023 15642.0
25.960341164 15649.0
25.966906305 15716.0
25.973471447 15739.0
25.980036588 15556.0
25.986601729 15722.0
25.993166871 15725.0
25.999732012 15745.0
26.006297153 15872.0
26.012862295 15674.0
26.019427436 15900.0
26.025992577 15958.0
26.032557719 15964.0
26.039122860 15775.0
26.045688001 15587.0
26.052253143 15791.0
26.058818284 15979.0
26.065383425 15555.0
26.071948567 15564.0
26.078513708 15619.0
26.085078849 15761.0
26.091643991 15886.0
26.098209132 15772.0
26.104774273 15714.0
26.111339415 15673.0
26.117904556 15895.0
26.124469697 15709.0
26.131034839 15667.0
26.137599980 15799.0
26.144165121 15541.0
26.150730263 15711.0
26.157295404 15773.0
26.163860545 15627.0
26.170425687 15894.0
26.176990828 15855.0
26.183555969 15610.0
26.190121111 15736.0
26.196686252 15859.0
26.203251393 15755.0
26.209816535 15690.0
26.216381676 15728.0
26.222946818 15766.0
26.229511959 15631.0
26.236077100 15900.0
26.242642242 15703.0
26.249207383 15805.0
26.255772524 15842.0
26.262337666 15546.0
26.268902807 15732.0
26.275467948 15673.0
26.282033090 15726.0
26.288598231 15821.0
26.295163372 15809.0
26.301728514 15600.0
26.308293655 15692.0
26.314858796 15784.0
26.321423938 15774.0
26.327989079 15598.0
26.334554220 15813.0
26.341119362 15796.0
26.347684503 15604.0
26.354249644 15762.0
26.360814786 15816.0
26.367379927 15859.0
26.373945068 15927.0
26.380510210 15642.0
26.387075351 15691.0
26.393640492 15592.0
26.400205634 15756.0
26.406770775 15609.0
26.413335916 15753.0
26.419901058 15645.0
26.426466199 16014.0
26.433031340 15795.0
26.439596482 15828.0
26.446161623 15713.0
26.452726764 15675.0
26.459291906 15870.0
26.465857047 15700.0
26.472422188 15773.0
26.478987330 15910.0
26.485552471 15790.0
26.492117612 15646.0
26.498682754 15713.0
26.505247895 15727.0
26.511813036 15705.0
26.518378178 15830.0
26.524943319 15749.0
26.531508460 15996.0
26.538073602 15990.0
26.544638743 16032.0
26.551203884 15830.0
26.557769026 15692.0
26.564334167 15854.0
26.570899308 15760.0
26.577464450 15800.0
26.584029591 15739.0
26.590594732 15833.0
26.597159874 15829.0
26.603725015 15708.0
26.610290156 15847.0
26.616855298 15742.0
26.623420439 15948.0
26.629985580 16161.0
26.636550722 15754.0
26.643115863 15756.0
26.649681005 15693.0
26.656246146 15649.0
26.662811287 15877.0
26.669376429 15722.0
26.675941570 15669.0
26.682506711 15816.0
26.689071853 15757.0
26.695636994 15899.0
26.702202135 15660.0
26.708767277 15830.0
26.715332418 15563.0
26.721897559 15875.0
26.728462701 15799.0
26.735027842 15569.0
26.741592983 15462.0
26.748158125 15741.0
26.754723266 15790.0
26.761288407 15658.0
26.767853549 15995.0
26.774418690 15874.0
26.780983831 15971.0
26.787548973 15910.0
26.794114114 15841.0
26.800679255 15828.0
26.807244397 15627.0
26.813809538 15786.0
26.820374679 15744.0
26.826939821 15791.0
26.833504962 15645.0
26.840070103 15771.0
26.846635245 16012.0
26.853200386 15877.0
26.859765527 15764.0
26.866330669 15821.0
26.872895810 15844.0
26.879460951 15555.0
26.886026093 15852.0
26.892591234 15761.0
26.899156375 15701.0
26.905721517 15617.0
26.912286658 15790.0
26.918851799 15702.0
26.925416941 15714.0
26.931982082 15852.0
26.938547223 15991.0
26.945112365 15805.0
26.951677506 15575.0
26.958242647 15744.0
26.964807789 15768.0
26.971372930 15541.0
26.977938071 15819.0
26.984503213 15857.0
26.991068354 15636.0
26.997633495 15646.0
27.004198637 15689.0
27.010763778 15877.0
27.017328919 15604.0
27.023894061 16008.0
27.030459202 15702.0
27.037024343 15812.0
27.043589485 15735.0
27.050154626 15915.0
27.056719768 15649.0
27.063284909 15640.0
27.069850050 15886.0
27.076415192 15623.0
27.082980333 15891.0
27.089545474 15805.0
27.096110616 15800.0
27.102675757 15612.0
27.109240898 15939.0
27.115806040 15848.0
27.122371181 15805.0
27.128936322 15858.0
27.135501464 15925.0
27.142066605 15683.0
27.148631746 15898.0
27.155196888 15760.0
27.161762029 15923.0
27.168327170 15864.0
27.174892312 15724.0
27.181457453 15614.0
27.188022594 15769.0
27.194587736 15494.0
27.201152877 15563.0
27.207718018 15981.0
27.214283160 15607.0
27.220848301 15657.0
27.227413442 15828.0
27.233978584 15594.0
27.240543725 15637.0
27.247108866 16003.0
27.253674008 15856.0
27.260239149 15724.0
27.266804290 15854.0
27.273369432 15726.0
27.279934573 15577.0
27.286499714 15932.0
27.293064856 15609.0
27.299629997 15935.0
27.306195138 15553.0
27.312760280 15641.0
27.319325421 15604.0
27.325890562 15609.0
27.332455704 15723.0
27.339020845 15819.0
27.345585986 15930.0
27.352151128 15844.0
27.358716269 15623.0
27.365281410 15496.0
27.371846552 15508.0
27.378411693 15492.0
27.384976834 15672.0
27.391541976 15960.0
27.398107117 15834.0
27.404672258 15842.0
27.411237400 15786.0
27.417802541 15817.0
27.424367682 15735.0
27.430932824 15860.0
27.437497965 15625.0
27.444063106 16027.0
27.450628248 15663.0
27.457193389 15807.0
27.463758530 15792.0
27.470323672 15841.0
27.476888813 16040.0
27.483453955 15541.0
27.490019096 15884.0
27.496584237 15828.0
27.503149379 15900.0
27.509714520 15640.0
27.516279661 15805.0
27.522844803 15806.0
27.529409944 15586.0
27.535975085 15787.0
27.542540227 15600.0
27.549105368 16013.0
27.555670509 15634.0
27.562235651 15812.0
27.568800792 15560.0
27.575365933 15775.0
27.581931075 15640.0
27.588496216 15596.0
27.595061357 15682.0
27.601626499 15760.0
27.608191640 15730.0
27.614756781 15742.0
27.621321923 15640.0
27.627887064 15580.0
27.634452205 15700.0
27.641017347 15804.0
27.647582488 15723.0
27.654147629 15914.0
27.660712771 15907.0
27.667277912 15737.0
27.673843053 15913.0
27.680408195 15729.0
27.686973336 15858.0
27.693538477 15851.0
27.700103619 15707.0
27.706668760 15839.0
27.713233901 15678.0
27.719799043 15724.0
27.726364184 15934.0
27.732929325 15719.0
27.739494467 15811.0
27.746059608 15937.0
27.752624749 15486.0
27.759189891 15958.0
27.765755032 15839.0
27.772320173 15754.0
27.778885315 15846.0
27.785450456 15752.0
27.792015597 15788.0
27.798580739 15735.0
27.805145880 15783.0
27.811711021 15581.0
27.818276163 15766.0
27.824841304 15707.0
27.831406445 15670.0
27.837971587 15655.0
27.844536728 15750.0
27.851101869 15845.0
27.857667011 15647.0
27.864232152 15595.0
27.870797293 15704.0
27.877362435 15854.0
27.883927576 15586.0
27.890492717 15668.0
27.897057859 15611.0
27.903623000 15955.0
27.910188142 15841.0
27.916753283 15647.0
27.923318424 15844.0
27.929883566 15628.0
27.936448707 15581.0
27.943013848 15684.0
27.949578990 15629.0
27.956144131 15867.0
27.962709272 15760.0
27.969274414 15679.0
27.975839555 15736.0
27.982404696 15965.0
27.988969838 15879.0
27.995534979 15671.0
28.002100120 15689.0
28.008665262 15808.0
28.015230403 15598.0
28.021795544 15839.0
28.028360686 15944.0
28.034925827 15729.0
28.041490968 15901.0
28.048056110 15819.0
28.054621251 15879.0
28.061186392 15655.0
28.067751534 15687.0
28.074316675 15856.0
28.080881816 15874.0
28.087446958 15790.0
28.094012099 15738.0
28.100577240 15695.0
28.107142382 15561.0
28.113707523 15836.0
28.120272664 15600.0
28.126837806 15770.0
28.133402947 15660.0
28.139968088 15346.0
28.146533230 15712.0
28.153098371 15536.0
28.159663512 15640.0
28.166228654 15865.0
28.172793795 15608.0
28.179358936 15658.0
28.185924078 15805.0
28.192489219 15553.0
28.199054360 15603.0
28.205619502 15717.0
28.212184643 15625.0
28.218749784 15778.0
28.225314926 15760.0
28.231880067 15814.0
28.238445208 15566.0
28.245010350 15696.0
28.251575491 15783.0
28.258140632 15752.0
28.264705774 15691.0
28.271270915 15744.0
28.277836056 15844.0
28.284401198 15723.0
28.290966339 15872.0
28.297531480 15635.0
28.304096622 15672.0
28.310661763 15741.0
28.317226905 15591.0
28.323792046 15770.0
28.330357187 15971.0
28.336922329 15586.0
28.343487470 15679.0
28.350052611 15785.0
28.356617753 15578.0
28.363182894 15876.0
28.369748035 15514.0
28.376313177 15961.0
28.382878318 15855.0
28.389443459 15816.0
28.396008601 15634.0
28.402573742 15828.0
28.409138883 15770.0
28.415704025 15787.0
28.422269166 15660.0
28.428834307 15725.0
28.435399449 15711.0
28.441964590 15626.0
28.448529731 15772.0
28.455094873 15997.0
28.461660014 15880.0
28.468225155 15731.0
28.474790297 15668.0
28.481355438 15661.0
28.487920579 15427.0
28.494485721 15627.0
28.501050862 15609.0
28.507616003 15662.0
28.514181145 15616.0
28.520746286 15613.0
28.527311427 15814.0
28.533876569 15609.0
28.540441710 15749.0
28.547006851 15822.0
28.553571993 15635.0
28.560137134 15714.0
28.566702275 15733.0
28.573267417 15595.0
28.579832558 15741.0
28.586397699 15679.0
28.592962841 15576.0
28.599527982 15701.0
28.606093123 15625.0
28.612658265 15576.0
28.619223406 15610.0
28.625788547 15684.0
28.632353689 15645.0
28.638918830 15855.0
28.645483971 15515.0
28.652049113 15687.0
28.658614254 15799.0
28.665179395 15828.0
28.671744537 15708.0
28.678309678 15682.0
28.684874819 15724.0
28.691439961 15641.0
28.698005102 15758.0
28.704570243 15652.0
28.711135385 15872.0
28.717700526 15574.0
28.724265667 15805.0
28.730830809 15921.0
28.737395950 15661.0
28.743961092 15605.0
28.750526233 15722.0
28.757091374 15799.0
28.763656516 15706.0
28.770221657 15633.0
28.776786798 15752.0
28.783351940 15677.0
28.789917081 15594.0
28.796482222 15790.0
28.803047364 15565.0
28.809612505 15727.0
28.816177646 15754.0
28.822742788 15891.0
28.829307929 15614.0
28.835873070 15649.0
28.842438212 15886.0
28.849003353 15521.0
28.855568494 15565.0
28.862133636 15798.0
28.868698777 15431.0
28.875263918 15535.0
28.881829060 15723.0
28.888394201 15602.0
28.894959342 15567.0
28.901524484 15485.0
28.908089625 15966.0
28.914654766 15489.0
28.921219908 15636.0
28.927785049 15778.0
28.934350190 15866.0
28.940915332 15823.0
28.947480473 15858.0
28.954045614 15897.0
28.960610756 15502.0
28.967175897 15561.0
28.973741038 15754.0
28.980306180 15660.0
28.986871321 15589.0
28.993436462 15711.0
29.000001604 15612.0
29.006566745 15735.0
29.013131886 15804.0
29.019697028 15638.0
29.026262169 15793.0
29.032827310 15624.0
29.039392452 15629.0
29.045957593 15715.0
29.052522734 15768.0
29.059087876 15589.0
29.065653017 15775.0
29.072218158 15716.0
29.078783300 15733.0
29.085348441 15833.0
29.091913582 15691.0
29.098478724 15680.0
29.105043865 15710.0
29.111609006 15725.0
29.118174148 15772.0
29.124739289 15746.0
29.131304430 15765.0
29.137869572 15869.0
29.144434713 15621.0
29.150999854 15555.0
29.157564996 15750.0
29.164130137 15823.0
29.170695279 15709.0
29.177260420 15816.0
29.183825561 15612.0
29.190390703 15862.0
29.196955844 15697.0
29.203520985 15760.0
29.210086127 15626.0
29.216651268 15670.0
29.223216409 15859.0
29.229781551 15874.0
29.236346692 15712.0
29.242911833 15721.0
29.249476975 15729.0
29.256042116 15743.0
29.262607257 15889.0
29.269172399 15627.0
29.275737540 15523.0
29.282302681 15661.0
29.288867823 15527.0
29.295432964 15653.0
29.301998105 15616.0
29.308563247 15567.0
29.315128388 15687.0
29.321693529 15727.0
29.328258671 15772.0
29.334823812 15525.0
29.341388953 15891.0
29.347954095 15851.0
29.354519236 15357.0
29.361084377 15484.0
29.367649519 15886.0
29.374214660 15748.0
29.380779801 15558.0
29.387344943 15583.0
29.393910084 15678.0
29.400475225 15496.0
29.407040367 15723.0
29.413605508 15772.0
29.420170649 15672.0
29.426735791 15711.0
29.433300932 15748.0
29.439866073 15613.0
29.446431215 15817.0
29.452996356 15642.0
29.459561497 15838.0
29.466126639 15765.0
29.472691780 15506.0
29.479256921 15641.0
29.485822063 15817.0
29.492387204 15704.0
29.498952345 15523.0
29.505517487 15694.0
29.512082628 15542.0
29.518647769 15832.0
29.525212911 15879.0
29.531778052 15519.0
29.538343193 15667.0
29.544908335 15621.0
29.551473476 15567.0
29.558038617 15849.0
29.564603759 15505.0
29.571168900 15433.0
29.577734041 15742.0
29.584299183 15668.0
29.590864324 15674.0
29.597429466 15672.0
29.603994607 15592.0
29.610559748 15714.0
29.617124890 15742.0
29.623690031 15682.0
29.630255172 15789.0
29.636820314 15542.0
29.643385455 15814.0
29.649950596 15773.0
29.656515738 15659.0
29.663080879 15753.0
29.669646020 15663.0
29.676211162 15932.0
29.682776303 15876.0
29.689341444 15765.0
29.695906586 15714.0
29.702471727 15806.0
29.709036868 15772.0
29.715602010 15775.0
29.722167151 15651.0
29.728732292 15747.0
29.735297434 15872.0
29.741862575 15733.0
29.748427716 15822.0
29.754992858 15671.0
29.761557999 15668.0
29.768123140 15807.0
29.774688282 15748.0
29.781253423 15792.0
29.787818564 15685.0
29.794383706 15685.0
29.800948847 15703.0
29.807513988 15766.0
29.814079130 15731.0
29.820644271 15707.0
29.827209412 15773.0
29.833774554 15777.0
29.840339695 15635.0
29.846904836 15369.0
29.853469978 15718.0
29.860035119 15643.0
29.866600260 15770.0
29.873165402 15862.0
29.879730543 15696.0
29.886295684 15598.0
29.892860826 15809.0
29.899425967 15587.0
29.905991108 15742.0
29.912556250 15797.0
29.919121391 15781.0
29.925686532 15504.0
29.932251674 15556.0
29.938816815 15557.0
29.945381956 15954.0
29.951947098 15577.0
29.958512239 15674.0
29.965077380 15673.0
29.971642522 15729.0
29.978207663 15708.0
29.984772804 15575.0
29.991337946 15709.0
29.997903087 15650.0
30.004468229 15538.0
30.011033370 15578.0
30.017598511 15657.0
30.024163653 15454.0
30.030728794 15825.0
30.037293935 15730.0
30.043859077 15785.0
30.050424218 15580.0
30.056989359 15657.0
30.063554501 15792.0
30.070119642 15777.0
30.076684783 15830.0
30.083249925 15761.0
30.089815066 15624.0
30.096380207 15705.0
30.102945349 15447.0
30.109510490 15849.0
30.116075631 15726.0
30.122640773 15484.0
30.129205914 15745.0
30.135771055 15598.0
30.142336197 15901.0
30.148901338 15628.0
30.155466479 15731.0
30.162031621 15624.0
30.168596762 15605.0
30.175161903 15715.0
30.181727045 15558.0
30.188292186 15567.0
30.194857327 15625.0
30.201422469 15711.0
30.207987610 15618.0
30.214552751 15900.0
30.221117893 15547.0
30.227683034 15492.0
30.234248175 15446.0
30.240813317 15810.0
30.247378458 15645.0
30.253943599 15784.0
30.260508741 15767.0
30.267073882 15644.0
30.273639023 15768.0
30.280204165 15670.0
30.286769306 15734.0
30.293334447 15723.0
30.299899589 15440.0
30.306464730 15897.0
30.313029871 15708.0
30.319595013 15674.0
30.326160154 15442.0
30.332725295 15534.0
30.339290437 15615.0
30.345855578 15674.0
30.352420719 15582.0
30.358985861 15770.0
30.365551002 15566.0
30.372116143 15720.0
30.378681285 15790.0
30.385246426 15484.0
30.391811567 15590.0
30.398376709 15735.0
30.404941850 15448.0
30.411506991 15804.0
30.418072133 15702.0
30.424637274 15822.0
30.431202416 15818.0
30.437767557 15931.0
30.444332698 15574.0
30.450897840 15427.0
30.457462981 15613.0
30.464028122 15639.0
30.470593264 15600.0
30.477158405 15724.0
30.483723546 15515.0
30.490288688 15357.0
30.496853829 15757.0
30.503418970 15879.0
30.509984112 15627.0
30.516549253 15942.0
30.523114394 15648.0
30.529679536 15659.0
30.536244677 15741.0
30.542809818 15622.0
30.549374960 15799.0
30.555940101 15907.0
30.562505242 15791.0
30.569070384 15717.0
30.575635525 15558.0
30.582200666 15724.0
30.588765808 15643.0
30.595330949 15906.0
30.601896090 15747.0
30.608461232 15740.0
30.615026373 15533.0
30.621591514 15605.0
30.628156656 15749.0
30.634721797 15813.0
30.641286938 15568.0
30.647852080 15663.0
30.654417221 15808.0
30.660982362 15547.0
30.667547504 15768.0
30.674112645 15804.0
30.680677786 15510.0
30.687242928 15877.0
30.693808069 15662.0
30.700373210 15635.0
30.706938352 15569.0
30.713503493 15958.0
30.720068634 15993.0
30.726633776 15646.0
30.733198917 15698.0
30.739764058 15758.0
30.746329200 15842.0
30.752894341 15811.0
30.759459482 15817.0
30.766024624 15661.0
30.772589765 15885.0
30.779154906 15749.0
30.785720048 15792.0
30.792285189 15829.0
30.798850330 15695.0
30.805415472 15659.0
30.811980613 15790.0
30.818545754 15658.0
30.825110896 15563.0
30.831676037 15851.0
30.838241178 15694.0
30.844806320 15827.0
30.851371461 15772.0
30.857936603 15808.0
30.864501744 15591.0
30.871066885 15580.0
30.877632027 15475.0
30.884197168 15799.0
30.890762309 15592.0
30.897327451 15517.0
30.903892592 15641.0
30.910457733 15491.0
30.917022875 15612.0
30.923588016 15703.0
30.930153157 15622.0
30.936718299 15473.0
30.943283440 15559.0
30.949848581 15545.0
30.956413723 15540.0
30.962978864 15800.0
30.969544005 15707.0
30.976109147 15634.0
30.982674288 15719.0
30.989239429 15645.0
30.995804571 15603.0
31.002369712 15590.0
31.008934853 15728.0
31.015499995 15596.0
31.022065136 15629.0
31.028630277 15950.0
31.035195419 15773.0
31.041760560 15677.0
31.048325701 15631.0
31.054890843 15511.0
31.061455984 15567.0
31.068021125 15495.0
31.074586267 15661.0
31.081151408 15585.0
31.087716549 15551.0
31.094281691 15627.0
31.100846832 15787.0
31.107411973 15738.0
31.113977115 15690.0
31.120542256 15663.0
31.127107397 15659.0
31.133672539 15616.0
31.140237680 15326.0
31.146802821 15722.0
31.153367963 15547.0
31.159933104 15627.0
31.166498245 15401.0
31.173063387 15490.0
31.179628528 15663.0
31.186193669 15851.0
31.192758811 15647.0
31.199323952 15652.0
31.205889093 15712.0
31.212454235 15683.0
31.219019376 15448.0
31.225584517 15680.0
31.232149659 15772.0
31.238714800 15880.0
31.245279941 15595.0
31.251845083 15546.0
31.258410224 15734.0
31.264975366 15631.0
31.271540507 15514.0
31.278105648 15639.0
31.284670790 15663.0
31.291235931 15515.0
31.297801072 15647.0
31.304366214 15513.0
31.310931355 15839.0
31.317496496 15491.0
31.324061638 15599.0
31.330626779 15601.0
31.337191920 15606.0
31.343757062 15795.0
31.350322203 15376.0
31.356887344 15648.0
31.363452486 15365.0
31.370017627 15702.0
31.376582768 15705.0
31.383147910 15544.0
31.389713051 15629.0
31.396278192 15397.0
31.402843334 15564.0
31.409408475 15335.0
31.415973616 15697.0
31.422538758 15820.0
31.429103899 15610.0
31.435669040 15174.0
31.442234182 15662.0
31.448799323 15680.0
31.455364464 15729.0
31.461929606 15804.0
31.468494747 15688.0
31.475059888 15691.0
31.481625030 15700.0
31.488190171 15747.0
31.494755312 15486.0
31.501320454 15647.0
31.507885595 15598.0
31.514450736 15651.0
31.521015878 15770.0
31.527581019 15699.0
31.534146160 15359.0
31.540711302 15941.0
31.547276443 15553.0
31.553841584 15775.0
31.560406726 15619.0
31.566971867 15891.0
31.573537008 15754.0
31.580102150 15510.0
31.586667291 15728.0
31.593232432 15884.0
31.599797574 15788.0
31.606362715 15514.0
31.612927856 15434.0
31.619492998 15844.0
31.626058139 16024.0
31.632623280 15704.0
31.639188422 15771.0
31.645753563 15639.0
31.652318704 15644.0
31.658883846 15746.0
31.665448987 15780.0
31.672014128 15676.0
31.678579270 15748.0
31.685144411 15690.0
31.691709553 15793.0
31.698274694 15713.0
31.704839835 15443.0
31.711404977 15772.0
31.717970118 15794.0
31.724535259 15708.0
31.731100401 15826.0
31.737665542 15559.0
31.744230683 15552.0
31.750795825 15752.0
31.757360966 15630.0
31.763926107 15527.0
31.770491249 15701.0
31.777056390 15367.0
31.783621531 15549.0
31.790186673 15770.0
31.796751814 15428.0
31.803316955 15529.0
31.809882097 15565.0
31.816447238 15893.0
31.823012379 15762.0
31.829577521 15553.0
31.836142662 15601.0
31.842707803 15549.0
31.849272945 15514.0
31.855838086 15676.0
31.862403227 15668.0
31.868968369 15690.0
31.875533510 15666.0
31.882098651 15668.0
31.888663793 15470.0
31.895228934 15720.0
31.901794075 15482.0
31.908359217 15675.0
31.914924358 15664.0
31.921489499 15634.0
31.928054641 15574.0
31.934619782 15724.0
31.941184923 15433.0
31.947750065 15609.0
31.954315206 15929.0
31.960880347 15844.0
31.967445489 15525.0
31.974010630 15751.0
31.980575771 15570.0
31.987140913 15675.0
31.993706054 15519.0
32.000271195 15721.0
32.006836337 15727.0
32.013401478 15520.0
32.019966619 15596.0
32.026531761 15451.0
32.033096902 15791.0
32.039662043 15638.0
32.046227185 15380.0
32.052792326 15963.0
32.059357467 15733.0
32.065922609 15671.0
32.072487750 15591.0
32.079052891 15445.0
32.085618033 15357.0
32.092183174 15532.0
32.098748315 15692.0
32.105313457 15655.0
32.111878598 15451.0
32.118443740 15425.0
32.125008881 15446.0
32.131574022 15558.0
32.138139164 15552.0
32.144704305 15517.0
32.151269446 15636.0
32.157834588 15582.0
32.164399729 15591.0
32.170964870 15711.0
32.177530012 15812.0
32.184095153 15668.0
32.190660294 15496.0
32.197225436 15617.0
32.203790577 15454.0
32.210355718 15447.0
32.216920860 15747.0
32.223486001 15595.0
32.230051142 15688.0
32.236616284 15704.0
32.243181425 15613.0
32.249746566 15722.0
32.256311708 15830.0
32.262876849 15581.0
32.269441990 15451.0
32.276007132 15533.0
32.282572273 15575.0
32.289137414 15600.0
32.295702556 15341.0
32.302267697 15457.0
32.308832838 15503.0
32.315397980 15555.0
32.321963121 15541.0
32.328528262 15460.0
32.335093404 15320.0
32.341658545 15835.0
32.348223686 15649.0
32.354788828 15613.0
32.361353969 15778.0
32.367919110 15526.0
32.374484252 15488.0
32.381049393 15703.0
32.387614534 15466.0
32.394179676 15624.0
32.400744817 15943.0
32.407309958 15455.0
32.413875100 15517.0
32.420440241 15733.0
32.427005382 15658.0
32.433570524 15492.0
32.440135665 15657.0
32.446700806 15562.0
32.453265948 15472.0
32.459831089 15754.0
32.466396230 15459.0
32.472961372 15595.0
32.479526513 15498.0
32.486091654 15544.0
32.492656796 15463.0
32.499221937 15757.0
32.505787078 15623.0
32.512352220 15728.0
32.518917361 15528.0
32.525482502 15808.0
32.532047644 15755.0
32.538612785 15404.0
32.545177927 15560.0
32.551743068 15279.0
32.558308209 15404.0
32.564873351 15681.0
32.571438492 15741.0
32.578003633 15630.0
32.584568775 15440.0
32.591133916 15447.0
32.597699057 15539.0
32.604264199 15693.0
32.610829340 15884.0
32.617394481 15522.0
32.623959623 15552.0
32.630524764 15301.0
32.637089905 15652.0
32.643655047 15539.0
32.650220188 15533.0
32.656785329 15463.0
32.663350471 15816.0
32.669915612 15585.0
32.676480753 15382.0
32.683045895 15382.0
32.689611036 15508.0
32.696176177 15635.0
32.702741319 15595.0
32.709306460 15539.0
32.715871601 15384.0
32.722436743 15643.0
32.729001884 15709.0
32.735567025 15560.0
32.742132167 15526.0
32.748697308 15533.0
32.755262449 15610.0
32.761827591 15580.0
32.768392732 15651.0
32.774957873 15679.0
32.781523015 15573.0
32.788088156 15463.0
32.794653297 15664.0
32.801218439 15560.0
32.807783580 15538.0
32.814348721 15322.0
32.820913863 15591.0
32.827479004 15334.0
32.834044145 15615.0
32.840609287 15563.0
32.847174428 15779.0
32.853739569 15634.0
32.860304711 15723.0
32.866869852 15671.0
32.873434993 15534.0
32.880000135 15829.0
32.886565276 15479.0
32.893130417 15424.0
32.899695559 15671.0
32.906260700 15634.0
32.912825841 15435.0
32.919390983 15592.0
32.925956124 15753.0
32.932521265 15422.0
32.939086407 15543.0
32.945651548 15324.0
32.952216690 15399.0
32.958781831 15536.0
32.965346972 15633.0
32.971912114 15548.0
32.978477255 15639.0
32.985042396 15628.0
32.991607538 15531.0
32.998172679 15692.0
33.004737820 15725.0
33.011302962 15434.0
33.017868103 15491.0
33.024433244 15662.0
33.030998386 15610.0
33.037563527 15475.0
33.044128668 15637.0
33.050693810 15704.0
33.057258951 15605.0
33.063824092 15468.0
33.070389234 15630.0
33.076954375 15450.0
33.083519516 15451.0
33.090084658 15695.0
33.096649799 15591.0
33.103214940 15687.0
33.109780082 15517.0
33.116345223 15513.0
33.122910364 15670.0
33.129475506 15551.0
33.136040647 15830.0
33.142605788 15421.0
33.149170930 15566.0
33.155736071 15356.0
33.162301212 15301.0
33.168866354 15622.0
33.175431495 15700.0
33.181996636 15760.0
33.188561778 15641.0
33.195126919 15286.0
33.201692060 15586.0
33.208257202 15661.0
33.214822343 15636.0
33.221387484 15606.0
33.227952626 15566.0
33.234517767 15507.0
33.241082908 15624.0
33.247648050 15507.0
33.254213191 15400.0
33.260778332 15682.0
33.267343474 15573.0
33.273908615 15569.0
33.280473756 15549.0
33.287038898 15440.0
33.293604039 15671.0
33.300169180 15604.0
33.306734322 15583.0
33.313299463 15337.0
33.319864604 15534.0
33.326429746 15518.0
33.332994887 15524.0
33.339560028 15594.0
33.346125170 15575.0
33.352690311 15599.0
33.359255452 15507.0
33.365820594 15718.0
33.372385735 15537.0
33.378950877 15601.0
33.385516018 15637.0
33.392081159 15565.0
33.398646301 15643.0
33.405211442 15547.0
33.411776583 15545.0
33.418341725 15543.0
33.424906866 15623.0
33.431472007 15641.0
33.438037149 15628.0
33.444602290 15786.0
33.451167431 15614.0
33.457732573 15437.0
33.464297714 15486.0
33.470862855 15452.0
33.477427997 15602.0
33.483993138 15757.0
33.490558279 15537.0
33.497123421 15488.0
33.503688562 15700.0
33.510253703 15575.0
33.516818845 15541.0
33.523383986 15283.0
33.529949127 15615.0
33.536514269 15338.0
33.543079410 15468.0
33.549644551 15430.0
33.556209693 15504.0
33.562774834 15558.0
33.569339975 15566.0
33.575905117 15510.0
33.582470258 15536.0
33.589035399 15665.0
33.595600541 15511.0
33.602165682 15754.0
33.608730823 15516.0
33.615295965 15456.0
33.621861106 15591.0
33.628426247 15486.0
33.634991389 15613.0
33.641556530 15560.0
33.648121671 15657.0
33.654686813 15762.0
33.661251954 15657.0
33.667817095 15449.0
33.674382237 15562.0
33.680947378 15778.0
33.687512519 15506.0
33.694077661 15276.0
33.700642802 15663.0
33.707207943 15521.0
33.713773085 15583.0
33.720338226 15452.0
33.726903367 15489.0
33.733468509 15390.0
33.740033650 15459.0
33.746598791 15464.0
33.753163933 15470.0
33.759729074 15450.0
33.766294215 15386.0
33.772859357 15517.0
33.779424498 15381.0
33.785989639 15750.0
33.792554781 15381.0
33.799119922 15600.0
33.805685064 15201.0
33.812250205 15670.0
33.818815346 15654.0
33.825380488 15318.0
33.831945629 15648.0
33.838510770 15306.0
33.845075912 15469.0
33.851641053 15773.0
33.858206194 15722.0
33.864771336 15808.0
33.871336477 15749.0
33.877901618 15504.0
33.884466760 15683.0
33.891031901 15305.0
33.897597042 15401.0
33.904162184 15320.0
33.910727325 15587.0
33.917292466 15593.0
33.923857608 15544.0
33.930422749 15417.0
33.936987890 15737.0
33.943553032 15571.0
33.950118173 15408.0
33.956683314 15703.0
33.963248456 15718.0
33.969813597 15567.0
33.976378738 15522.0
33.982943880 15561.0
33.989509021 15630.0
33.996074162 15574.0
34.002639304 15392.0
34.009204445 15500.0
34.015769586 15494.0
34.022334728 15354.0
34.028899869 15641.0
34.035465010 15369.0
34.042030152 15635.0
34.048595293 15438.0
34.055160434 15507.0
34.061725576 15591.0
34.068290717 15714.0
34.074855858 15671.0
34.081421000 15498.0
34.087986141 15629.0
34.094551282 15476.0
34.101116424 15644.0
34.107681565 15515.0
34.114246706 15569.0
34.120811848 15537.0
34.127376989 15450.0
34.133942130 15595.0
34.140507272 15560.0
34.147072413 15464.0
34.153637554 15676.0
34.160202696 15771.0
34.166767837 15504.0
34.173332978 15598.0
34.179898120 15489.0
34.186463261 15365.0
34.193028402 15515.0
34.199593544 15746.0
34.206158685 15566.0
34.212723827 15369.0
34.219288968 15454.0
34.225854109 15370.0
34.232419251 15363.0
34.238984392 15447.0
34.245549533 15433.0
34.252114675 15547.0
34.258679816 15573.0
34.265244957 15562.0
34.271810099 15868.0
34.278375240 15577.0
34.284940381 15600.0
34.291505523 15536.0
34.298070664 15478.0
34.304635805 15327.0
34.311200947 15424.0
34.317766088 15491.0
34.324331229 15699.0
34.330896371 15524.0
34.337461512 15557.0
34.344026653 15454.0
34.350591795 15541.0
34.357156936 15265.0
34.363722077 15464.0
34.370287219 15428.0
34.376852360 15667.0
34.383417501 15484.0
34.389982643 15534.0
34.396547784 15656.0
34.403112925 15582.0
34.409678067 15555.0
34.416243208 15833.0
34.422808349 15532.0
34.429373491 15757.0
34.435938632 15537.0
34.442503773 15530.0
34.449068915 15635.0
34.455634056 15632.0
34.462199197 15645.0
34.468764339 15361.0
34.475329480 15406.0
34.481894621 15569.0
34.488459763 15393.0
34.495024904 15691.0
34.501590045 15740.0
34.508155187 15572.0
34.514720328 15466.0
34.521285469 15444.0
34.527850611 15494.0
34.534415752 15545.0
34.540980893 15499.0
34.547546035 15560.0
34.554111176 15578.0
34.560676317 15611.0
34.567241459 15546.0
34.573806600 15435.0
34.580371741 15393.0
34.586936883 15420.0
34.593502024 15333.0
34.600067165 15426.0
34.606632307 15618.0
34.613197448 15492.0
34.619762589 15537.0
34.626327731 15415.0
34.632892872 15307.0
34.639458014 15457.0
34.646023155 15695.0
34.652588296 15433.0
34.659153438 15349.0
34.665718579 15421.0
34.672283720 15512.0
34.678848862 15411.0
34.685414003 15578.0
34.691979144 15574.0
34.698544286 15345.0
34.705109427 15503.0
34.711674568 15350.0
34.718239710 15483.0
34.724804851 15418.0
34.731369992 15368.0
34.737935134 15473.0
34.744500275 15421.0
34.751065416 15447.0
34.757630558 15523.0
34.764195699 15383.0
34.770760840 15632.0
34.777325982 15421.0
34.783891123 15609.0
34.790456264 15620.0
34.797021406 15695.0
34.803586547 15534.0
34.810151688 15480.0
34.816716830 15436.0
34.823281971 15493.0
34.829847112 15795.0
34.836412254 15657.0
34.842977395 15525.0
34.849542536 15480.0
34.856107678 15537.0
34.862672819 15568.0
34.869237960 15605.0
34.875803102 15661.0
34.882368243 15607.0
34.888933384 15467.0
34.895498526 15600.0
34.902063667 15831.0
34.908628808 15594.0
34.915193950 15602.0
34.921759091 15452.0
34.928324232 15668.0
34.934889374 15276.0
34.941454515 15844.0
34.948019656 15639.0
34.954584798 15656.0
34.961149939 15791.0
34.967715080 15388.0
34.974280222 15413.0
34.980845363 15667.0
34.987410504 15564.0
34.993975646 15533.0
35.000540787 15436.0
35.007105928 15536.0
35.013671070 15594.0
35.020236211 15603.0
35.026801352 15560.0
35.033366494 15436.0
35.039931635 15691.0
35.046496776 15644.0
35.053061918 15323.0
35.059627059 15687.0
35.066192201 15742.0
35.072757342 15577.0
35.079322483 15502.0
35.085887625 15692.0
35.092452766 15464.0
35.099017907 15639.0
35.105583049 15469.0
35.112148190 15553.0
35.118713331 15364.0
35.125278473 15625.0
35.131843614 15494.0
35.138408755 15614.0
35.144973897 15607.0
35.151539038 15514.0
35.158104179 15621.0
35.164669321 15525.0
35.171234462 15292.0
35.177799603 15830.0
35.184364745 15537.0
35.190929886 15767.0
35.197495027 15527.0
35.204060169 15359.0
35.210625310 15462.0
35.217190451 15634.0
35.223755593 15703.0
35.230320734 15507.0
35.236885875 15295.0
35.243451017 15625.0
35.250016158 15365.0
35.256581299 15449.0
35.263146441 15638.0
35.269711582 15630.0
35.276276723 15489.0
35.282841865 15367.0
35.289407006 15358.0
35.295972147 15469.0
35.302537289 15701.0
35.309102430 15551.0
35.315667571 15575.0
35.322232713 15661.0
35.328797854 15960.0
35.335362995 15776.0
35.341928137 15583.0
35.348493278 15540.0
35.355058419 15505.0
35.361623561 15560.0
35.368188702 15704.0
35.374753843 15551.0
35.381318985 15737.0
35.387884126 15477.0
35.394449267 15600.0
35.401014409 15529.0
35.407579550 15698.0
35.414144691 15868.0
35.420709833 15519.0
35.427274974 15740.0
35.433840115 15709.0
35.440405257 15603.0
35.446970398 15401.0
35.453535539 15662.0
35.460100681 15615.0
35.466665822 15596.0
35.473230964 15723.0
35.479796105 15686.0
35.486361246 15579.0
35.492926388 15733.0
35.499491529 15625.0
35.506056670 15676.0
35.512621812 15592.0
35.519186953 15563.0
35.525752094 15680.0
35.532317236 15653.0
35.538882377 15783.0
35.545447518 15680.0
35.552012660 15587.0
35.558577801 15685.0
35.565142942 15491.0
35.571708084 15432.0
35.578273225 15665.0
35.584838366 15699.0
35.591403508 15682.0
35.597968649 15574.0
35.604533790 15700.0
35.611098932 15596.0
35.617664073 15773.0
35.624229214 15839.0
35.630794356 15602.0
35.637359497 15549.0
35.643924638 15629.0
35.650489780 15868.0
35.657054921 15778.0
35.663620062 15502.0
35.670185204 15779.0
35.676750345 15715.0
35.683315486 15771.0
35.689880628 15918.0
35.696445769 15779.0
35.703010910 15516.0
35.709576052 15853.0
35.716141193 15737.0
35.722706334 15625.0
35.729271476 15756.0
35.735836617 15706.0
35.742401758 15593.0
35.748966900 15911.0
35.755532041 16046.0
35.762097182 15616.0
35.768662324 15559.0
35.775227465 15675.0
35.781792606 15621.0
35.788357748 15678.0
35.794922889 15769.0
35.801488030 15730.0
35.808053172 15398.0
35.814618313 15663.0
35.821183454 15994.0
35.827748596 15568.0
35.834313737 15524.0
35.840878878 15639.0
35.847444020 15819.0
35.854009161 15782.0
35.860574302 15823.0
35.867139444 15796.0
35.873704585 15870.0
35.880269726 15578.0
35.886834868 15971.0
35.893400009 15902.0
35.899965151 15839.0
35.906530292 15637.0
35.913095433 15841.0
35.919660575 15828.0
35.926225716 15761.0
35.932790857 16039.0
35.939355999 15877.0
35.945921140 15913.0
35.952486281 15714.0
35.959051423 15942.0
35.965616564 16183.0
35.972181705 15873.0
35.978746847 15947.0
35.985311988 15613.0
35.991877129 15643.0
35.998442271 15789.0
36.005007412 15771.0
36.011572553 15925.0
36.018137695 16097.0
36.024702836 15826.0
36.031267977 15978.0
36.037833119 15986.0
36.044398260 16029.0
36.050963401 16161.0
36.057528543 15951.0
36.064093684 16104.0
36.070658825 15800.0
36.077223967 16047.0
36.083789108 15996.0
36.090354249 15936.0
36.096919391 16050.0
36.103484532 16082.0
36.110049673 16202.0
36.116614815 16038.0
36.123179956 16033.0
36.129745097 16179.0
36.136310239 16184.0
36.142875380 16158.0
36.149440521 16102.0
36.156005663 16339.0
36.162570804 16247.0
36.169135945 16180.0
36.175701087 16227.0
36.182266228 16249.0
36.188831369 16248.0
36.195396511 16436.0
36.201961652 16262.0
36.208526793 16297.0
36.215091935 16183.0
36.221657076 16263.0
36.228222217 16156.0
36.234787359 16426.0
36.241352500 16282.0
36.247917641 16417.0
36.254482783 16419.0
36.261047924 16349.0
36.267613065 16482.0
36.274178207 16670.0
36.280743348 16545.0
36.287308489 16578.0
36.293873631 16485.0
36.300438772 16426.0
36.307003913 16678.0
36.313569055 16425.0
36.320134196 16745.0
36.326699338 16775.0
36.333264479 16761.0
36.339829620 16685.0
36.346394762 16836.0
36.352959903 16882.0
36.359525044 16921.0
36.366090186 16945.0
36.372655327 17204.0
36.379220468 17285.0
36.385785610 17495.0
36.392350751 17447.0
36.398915892 17542.0
36.405481034 17574.0
36.412046175 17766.0
36.418611316 17930.0
36.425176458 18147.0
36.431741599 18471.0
36.438306740 18518.0
36.444871882 18637.0
36.451437023 18885.0
36.458002164 19279.0
36.464567306 19722.0
36.471132447 20031.0
36.477697588 20337.0
36.484262730 21047.0
36.490827871 21407.0
36.497393012 21930.0
36.503958154 22535.0
36.510523295 23269.0
36.517088436 23748.0
36.523653578 24664.0
36.530218719 25420.0
36.536783860 26428.0
36.543349002 27628.0
36.549914143 29145.0
36.556479284 30576.0
36.563044426 32478.0
36.569609567 34329.0
36.576174708 36586.0
36.582739850 39336.0
36.589304991 41963.0
36.595870132 44853.0
36.602435274 48556.0
36.609000415 52667.0
36.615565556 56962.0
36.622130698 61262.0
36.628695839 66552.0
36.635260980 72646.0
36.641826122 78144.0
36.648391263 83960.0
36.654956404 89025.0
36.661521546 93895.0
36.668086687 98390.0
36.674651828 101586.0
36.681216970 103462.0
36.687782111 104349.0
36.694347252 103376.0
36.700912394 101399.0
36.707477535 99071.0
36.714042676 95430.0
36.720607818 91977.0
36.727172959 87643.0
36.733738100 83994.0
36.740303242 81313.0
36.746868383 78052.0
36.753433525 76203.0
36.759998666 74253.0
36.766563807 72440.0
36.773128949 69862.0
36.779694090 67809.0
36.786259231 65408.0
36.792824373 62029.0
36.799389514 58100.0
36.805954655 54303.0
36.812519797 50744.0
36.819084938 47145.0
36.825650079 43608.0
36.832215221 40177.0
36.838780362 36913.0
36.845345503 34189.0
36.851910645 31689.0
36.858475786 29697.0
36.865040927 27504.0
36.871606069 26191.0
36.878171210 24970.0
36.884736351 23970.0
36.891301493 23049.0
36.897866634 22106.0
36.904431775 21433.0
36.910996917 20674.0
36.917562058 20536.0
36.924127199 19899.0
36.930692341 19518.0
36.937257482 19180.0
36.943822623 18923.0
36.950387765 18386.0
36.956952906 18318.0
36.963518047 18012.0
36.970083189 18026.0
36.976648330 17904.0
36.983213471 17824.0
36.989778613 17775.0
36.996343754 17316.0
37.002908895 17296.0
37.009474037 17566.0
37.016039178 17429.0
37.022604319 17096.0
37.029169461 16799.0
37.035734602 17173.0
37.042299743 17024.0
37.048864885 17036.0
37.055430026 16761.0
37.061995167 16587.0
37.068560309 16614.0
37.075125450 16666.0
37.081690591 16497.0
37.088255733 16488.0
37.094820874 16550.0
37.101386015 16344.0
37.107951157 16759.0
37.114516298 16606.0
37.121081439 16488.0
37.127646581 16637.0
37.134211722 16434.0
37.140776863 16233.0
37.147342005 16354.0
37.153907146 16353.0
37.160472288 16273.0
37.167037429 16288.0
37.173602570 16278.0
37.180167712 16065.0
37.186732853 16230.0
37.193297994 16212.0
37.199863136 16196.0
37.206428277 16105.0
37.212993418 16173.0
37.219558560 16136.0
37.226123701 16204.0
37.232688842 16169.0
37.239253984 16182.0
37.245819125 16189.0
37.252384266 15915.0
37.258949408 16081.0
37.265514549 16068.0
37.272079690 16075.0
37.278644832 16256.0
37.285209973 15926.0
37.291775114 15886.0
37.298340256 16059.0
37.304905397 15867.0
37.311470538 16055.0
37.318035680 16110.0
37.324600821 16064.0
37.331165962 15813.0
37.337731104 15908.0
37.344296245 15901.0
37.350861386 15864.0
37.357426528 16032.0
37.363991669 15909.0
37.370556810 15759.0
37.377121952 15770.0
37.383687093 15939.0
37.390252234 15995.0
37.396817376 15780.0
37.403382517 15704.0
37.409947658 16095.0
37.416512800 15854.0
37.423077941 16019.0
37.429643082 15771.0
37.436208224 15868.0
37.442773365 15789.0
37.449338506 15985.0
37.455903648 15801.0
37.462468789 15813.0
37.469033930 15865.0
37.475599072 15740.0
37.482164213 15931.0
37.488729354 16036.0
37.495294496 15879.0
37.501859637 15819.0
37.508424778 15939.0
37.514989920 15767.0
37.521555061 16142.0
37.528120202 15705.0
37.534685344 15675.0
37.541250485 15705.0
37.547815626 15890.0
37.554380768 15860.0
37.560945909 15637.0
37.567511050 15773.0
37.574076192 15862.0
37.580641333 15880.0
37.587206475 15791.0
37.593771616 15850.0
37.600336757 15903.0
37.606901899 15870.0
37.613467040 15692.0
37.620032181 15773.0
37.626597323 16054.0
37.633162464 15794.0
37.639727605 15811.0
37.646292747 15836.0
37.652857888 15875.0
37.659423029 15888.0
37.665988171 15789.0
37.672553312 15838.0
37.679118453 15763.0
37.685683595 16114.0
37.692248736 16100.0
37.698813877 15877.0
37.705379019 15960.0
37.711944160 15888.0
37.718509301 15912.0
37.725074443 15814.0
37.731639584 16124.0
37.738204725 16136.0
37.744769867 15683.0
37.751335008 16093.0
37.757900149 16093.0
37.764465291 15973.0
37.771030432 16054.0
37.777595573 15984.0
37.784160715 16145.0
37.790725856 16004.0
37.797290997 15958.0
37.803856139 16195.0
37.810421280 16059.0
37.816986421 16218.0
37.823551563 16185.0
37.830116704 16186.0
37.836681845 16377.0
37.843246987 16519.0
37.849812128 16542.0
37.856377269 16482.0
37.862942411 16557.0
37.869507552 16748.0
37.876072693 16931.0
37.882637835 16833.0
37.889202976 16940.0
37.895768117 17025.0
37.902333259 17521.0
37.908898400 17313.0
37.915463541 17723.0
37.922028683 17728.0
37.928593824 17971.0
37.935158965 18335.0
37.941724107 18626.0
37.948289248 18725.0
37.954854389 19529.0
37.961419531 19858.0
37.967984672 20590.0
37.974549813 20982.0
37.981114955 21548.0
37.987680096 22369.0
37.994245237 23029.0
38.000810379 23839.0
38.007375520 24596.0
38.013940662 25099.0
38.020505803 25683.0
38.027070944 25849.0
38.033636086 25737.0
38.040201227 25973.0
38.046766368 25813.0
38.053331510 25196.0
38.059896651 24394.0
38.066461792 23576.0
38.073026934 23315.0
38.079592075 22964.0
38.086157216 22578.0
38.092722358 22393.0
38.099287499 22264.0
38.105852640 22044.0
38.112417782 22424.0
38.118982923 22399.0
38.125548064 22316.0
38.132113206 22189.0
38.138678347 22218.0
38.145243488 21488.0
38.151808630 21667.0
38.158373771 20883.0
38.164938912 20480.0
38.171504054 20327.0
38.178069195 20232.0
38.184634336 20110.0
38.191199478 20136.0
38.197764619 20296.0
38.204329760 20006.0
38.210894902 20327.0
38.217460043 20302.0
38.224025184 20852.0
38.230590326 21393.0
38.237155467 21872.0
38.243720608 22259.0
38.250285750 23257.0
38.256850891 23993.0
38.263416032 25036.0
38.269981174 25939.0
38.276546315 27458.0
38.283111456 28638.0
38.289676598 30260.0
38.296241739 32112.0
38.302806880 33508.0
38.309372022 35464.0
38.315937163 37455.0
38.322502304 39374.0
38.329067446 40485.0
38.335632587 41969.0
38.342197728 42378.0
38.348762870 42993.0
38.355328011 43047.0
38.361893152 42054.0
38.368458294 41491.0
38.375023435 40074.0
38.381588576 38318.0
38.388153718 36591.0
38.394718859 35489.0
38.401284000 34249.0
38.407849142 33579.0
38.414414283 33032.0
38.420979425 32364.0
38.427544566 32268.0
38.434109707 31863.0
38.440674849 31378.0
38.447239990 30817.0
38.453805131 29809.0
38.460370273 29271.0
38.466935414 28186.0
38.473500555 26988.0
38.480065697 25748.0
38.486630838 24540.0
38.493195979 23181.0
38.499761121 22348.0
38.506326262 21201.0
38.512891403 20246.0
38.519456545 19892.0
38.526021686 19141.0
38.532586827 18744.0
38.539151969 18417.0
38.545717110 17905.0
38.552282251 17707.0
38.558847393 17551.0
38.565412534 17251.0
38.571977675 17196.0
38.578542817 16652.0
38.585107958 16924.0
38.591673099 16506.0
38.598238241 16627.0
38.604803382 16576.0
38.611368523 16258.0
38.617933665 16405.0
38.624498806 16344.0
38.631063947 16140.0
38.637629089 16261.0
38.644194230 15989.0
38.650759371 16107.0
38.657324513 16014.0
38.663889654 15889.0
38.670454795 15954.0
38.677019937 15931.0
38.683585078 16245.0
38.690150219 16099.0
38.696715361 15763.0
38.703280502 15974.0
38.709845643 16113.0
38.716410785 15914.0
38.722975926 15918.0
38.729541067 15933.0
38.736106209 15991.0
38.742671350 15804.0
38.749236491 15916.0
38.755801633 15728.0
38.762366774 15451.0
38.768931915 15803.0
38.775497057 15614.0
38.782062198 15692.0
38.788627339 15797.0
38.795192481 15772.0
38.801757622 15822.0
38.808322763 15637.0
38.814887905 15662.0
38.821453046 15657.0
38.828018187 15660.0
38.834583329 15616.0
38.841148470 15677.0
38.847713612 15955.0
38.854278753 15732.0
38.860843894 15679.0
38.867409036 15707.0
38.873974177 15820.0
38.880539318 15629.0
38.887104460 15506.0
38.893669601 15498.0
38.900234742 16026.0
38.906799884 15633.0
38.913365025 15869.0
38.919930166 15734.0
38.926495308 15667.0
38.933060449 15597.0
38.939625590 15661.0
38.946190732 15759.0
38.952755873 15463.0
38.959321014 15574.0
38.965886156 15861.0
38.972451297 15775.0
38.979016438 15628.0
38.985581580 15437.0
38.992146721 15649.0
38.998711862 15699.0
39.005277004 15502.0
39.011842145 15607.0
39.018407286 15528.0
39.024972428 15477.0
39.031537569 15649.0
39.038102710 15516.0
39.044667852 15583.0
39.051232993 15664.0
39.057798134 15526.0
39.064363276 15591.0
39.070928417 15473.0
39.077493558 15632.0
39.084058700 15619.0
39.090623841 15542.0
39.097188982 15574.0
39.103754124 15650.0
39.110319265 15668.0
39.116884406 15456.0
39.123449548 15549.0
39.130014689 15574.0
39.136579830 15515.0
39.143144972 15550.0
39.149710113 15408.0
39.156275254 15780.0
39.162840396 15421.0
39.169405537 15596.0
39.175970678 15476.0
39.182535820 15674.0
39.189100961 15733.0
39.195666102 15733.0
39.202231244 15475.0
39.208796385 15572.0
39.215361526 15689.0
39.221926668 15426.0
39.228491809 15468.0
39.235056950 15676.0
39.241622092 15661.0
39.248187233 15665.0
39.254752374 15517.0
39.261317516 15660.0
39.267882657 15610.0
39.274447799 15532.0
39.281012940 15616.0
39.287578081 15426.0
39.294143223 15759.0
39.300708364 15444.0
39.307273505 15802.0
39.313838647 15754.0
39.320403788 15372.0
39.326968929 15536.0
39.333534071 15533.0
39.340099212 15641.0
39.346664353 15631.0
39.353229495 15483.0
39.359794636 15559.0
39.366359777 15534.0
39.372924919 15600.0
39.379490060 15533.0
39.386055201 15413.0
39.392620343 15446.0
39.399185484 15640.0
39.405750625 15713.0
39.412315767 15394.0
39.418880908 15331.0
39.425446049 15459.0
39.432011191 15550.0
39.438576332 15440.0
39.445141473 15394.0
39.451706615 15496.0
39.458271756 15361.0
39.464836897 15408.0
39.471402039 15551.0
39.477967180 15493.0
39.484532321 15422.0
39.491097463 15457.0
39.497662604 15303.0
39.504227745 15531.0
39.510792887 15610.0
39.517358028 15733.0
39.523923169 15540.0
39.530488311 15578.0
39.537053452 15463.0
39.543618593 15537.0
39.550183735 15341.0
39.556748876 15641.0
39.563314017 15551.0
39.569879159 15729.0
39.576444300 15653.0
39.583009441 15469.0
39.589574583 15316.0
39.596139724 15457.0
39.602704865 15403.0
39.609270007 15646.0
39.615835148 15556.0
39.622400289 15405.0
39.628965431 15545.0
39.635530572 15451.0
39.642095713 15534.0
39.648660855 15755.0
39.655225996 15345.0
39.661791137 15355.0
39.668356279 15616.0
39.674921420 15406.0
39.681486561 15573.0
39.688051703 15295.0
39.694616844 15374.0
39.701181986 15527.0
39.707747127 15623.0
39.714312268 15517.0
39.720877410 15437.0
39.727442551 15655.0
39.734007692 15611.0
39.740572834 15401.0
39.747137975 15443.0
39.753703116 15452.0
39.760268258 15402.0
39.766833399 15710.0
39.773398540 15453.0
39.779963682 15573.0
39.786528823 15409.0
39.793093964 15478.0
39.799659106 15621.0
39.806224247 15720.0
39.812789388 15343.0
39.819354530 15378.0
39.825919671 15178.0
39.832484812 15657.0
39.839049954 15527.0
39.845615095 15501.0
39.852180236 15425.0
39.858745378 15435.0
39.865310519 15347.0
39.871875660 15542.0
39.878440802 15314.0
39.885005943 15437.0
39.891571084 15417.0
39.898136226 15270.0
39.904701367 15467.0
39.911266508 15540.0
39.917831650 15379.0
39.924396791 15504.0
39.930961932 15589.0
39.937527074 15683.0
39.944092215 15542.0
39.950657356 15573.0
39.957222498 15634.0
39.963787639 15603.0
39.970352780 15600.0
39.976917922 15745.0
39.983483063 15463.0
39.990048204 15600.0
39.996613346 15546.0
40.003178487 15359.0
40.009743628 15674.0
40.016308770 15363.0
40.022873911 15518.0
40.029439052 15359.0
40.036004194 15564.0
40.042569335 15498.0
40.049134476 15656.0
40.055699618 15583.0
40.062264759 15308.0
40.068829900 15646.0
40.075395042 15440.0
40.081960183 15515.0
40.088525324 15514.0
40.095090466 15489.0
40.101655607 15717.0
40.108220749 15481.0
40.114785890 15600.0
40.121351031 15696.0
40.127916173 15723.0
40.134481314 15607.0
40.141046455 15409.0
40.147611597 15609.0
40.154176738 15381.0
40.160741879 15782.0
40.167307021 15663.0
40.173872162 15204.0
40.180437303 15541.0
40.187002445 15491.0
40.193567586 15497.0
40.200132727 15455.0
40.206697869 15571.0
40.213263010 15420.0
40.219828151 15642.0
40.226393293 15368.0
40.232958434 15415.0
40.239523575 15411.0
40.246088717 15332.0
40.252653858 15409.0
40.259218999 15219.0
40.265784141 15459.0
40.272349282 15574.0
40.278914423 15529.0
40.285479565 15652.0
40.292044706 15678.0
40.298609847 15616.0
40.305174989 15427.0
40.311740130 15465.0
40.318305271 15454.0
40.324870413 15270.0
40.331435554 15476.0
40.338000695 15581.0
40.344565837 15439.0
40.351130978 15447.0
40.357696119 15265.0
40.364261261 15582.0
40.370826402 15384.0
40.377391543 15164.0
40.383956685 15222.0
40.390521826 15657.0
40.397086967 15585.0
40.403652109 15567.0
40.410217250 15636.0
40.416782391 15364.0
40.423347533 15478.0
40.429912674 15680.0
40.436477815 15448.0
40.443042957 15246.0
40.449608098 15632.0
40.456173239 15586.0
40.462738381 15159.0
40.469303522 15492.0
40.475868663 15443.0
40.482433805 15290.0
40.488998946 15599.0
40.495564087 15541.0
40.502129229 15352.0
40.508694370 15494.0
40.515259511 15586.0
40.521824653 15455.0
40.528389794 15506.0
40.534954936 15768.0
40.541520077 15455.0
40.548085218 15352.0
40.554650360 15278.0
40.561215501 15466.0
40.567780642 15272.0
40.574345784 15589.0
40.580910925 15689.0
40.587476066 15707.0
40.594041208 15477.0
40.600606349 15451.0
40.607171490 15473.0
40.613736632 15514.0
40.620301773 15345.0
40.626866914 15419.0
40.633432056 15271.0
40.639997197 15408.0
40.646562338 15457.0
40.653127480 15437.0
40.659692621 15391.0
40.666257762 15392.0
40.672822904 15505.0
40.679388045 15507.0
40.685953186 15483.0
40.692518328 15709.0
40.699083469 15513.0
40.705648610 15769.0
40.712213752 15265.0
40.718778893 15570.0
40.725344034 15644.0
40.731909176 15256.0
40.738474317 15788.0
40.745039458 15388.0
40.751604600 15555.0
40.758169741 15228.0
40.764734882 15317.0
40.771300024 15392.0
40.777865165 15720.0
40.784430306 15320.0
40.790995448 15545.0
40.797560589 15422.0
40.804125730 15424.0
40.810690872 15397.0
40.817256013 15437.0
40.823821154 15469.0
40.830386296 15421.0
40.836951437 15448.0
40.843516578 15504.0
40.850081720 15453.0
40.856646861 15425.0
40.863212002 15676.0
40.869777144 15349.0
40.876342285 15517.0
40.882907426 15515.0
40.889472568 15600.0
40.896037709 15484.0
40.902602850 15532.0
40.909167992 15716.0
40.915733133 15497.0
40.922298274 15374.0
40.928863416 15316.0
40.935428557 15427.0
40.941993698 15366.0
40.948558840 15724.0
40.955123981 15767.0
40.961689123 15487.0
40.968254264 15511.0
40.974819405 15568.0
40.981384547 15556.0
40.987949688 15405.0
40.994514829 15664.0
41.001079971 15641.0
41.007645112 15391.0
41.014210253 15541.0
41.020775395 15380.0
41.027340536 15576.0
41.033905677 15546.0
41.040470819 15367.0
41.047035960 15587.0
41.053601101 15315.0
41.060166243 15242.0
41.066731384 15527.0
41.073296525 15524.0
41.079861667 15391.0
41.086426808 15561.0
41.092991949 15340.0
41.099557091 15371.0
41.106122232 15343.0
41.112687373 15352.0
41.119252515 15411.0
41.125817656 15639.0
41.132382797 15338.0
41.138947939 15462.0
41.145513080 15398.0
41.152078221 15442.0
41.158643363 15551.0
41.165208504 15352.0
41.171773645 15241.0
41.178338787 15231.0
41.184903928 15509.0
41.191469069 15436.0
41.198034211 15262.0
41.204599352 15385.0
41.211164493 15351.0
41.217729635 15277.0
41.224294776 15455.0
41.230859917 15465.0
41.237425059 15261.0
41.243990200 15563.0
41.250555341 15590.0
41.257120483 15602.0
41.263685624 15639.0
41.270250765 15358.0
41.276815907 15385.0
41.283381048 15668.0
41.289946189 15574.0
41.296511331 15410.0
41.303076472 15469.0
41.309641613 15386.0
41.316206755 15464.0
41.322771896 15643.0
41.329337037 15688.0
41.335902179 15538.0
41.342467320 15475.0
41.349032461 15409.0
41.355597603 15572.0
41.362162744 15551.0
41.368727886 15355.0
41.375293027 15422.0
41.381858168 15370.0
41.388423310 15608.0
41.394988451 15412.0
41.401553592 15687.0
41.408118734 15482.0
41.414683875 15456.0
41.421249016 15657.0
41.427814158 15648.0
41.434379299 15339.0
41.440944440 15571.0
41.447509582 15612.0
41.454074723 15391.0
41.460639864 15495.0
41.467205006 15509.0
41.473770147 15383.0
41.480335288 15566.0
41.486900430 15605.0
41.493465571 15288.0
41.500030712 15511.0
41.506595854 15554.0
41.513160995 15527.0
41.519726136 15470.0
41.526291278 15609.0
41.532856419 15524.0
41.539421560 15382.0
41.545986702 15680.0
41.552551843 15514.0
41.559116984 15356.0
41.565682126 15315.0
41.572247267 15412.0
41.578812408 15424.0
41.585377550 15479.0
41.591942691 15522.0
41.598507832 15229.0
41.605072974 15336.0
41.611638115 15611.0
41.618203256 15488.0
41.624768398 15789.0
41.631333539 15518.0
41.637898680 15401.0
41.644463822 15510.0
41.651028963 15582.0
41.657594104 15709.0
41.664159246 15433.0
41.670724387 15552.0
41.677289528 15374.0
41.683854670 15546.0
41.690419811 15426.0
41.696984952 15401.0
41.703550094 15507.0
41.710115235 15452.0
41.716680376 15777.0
41.723245518 15574.0
41.729810659 15578.0
41.736375800 15342.0
41.742940942 15540.0
41.749506083 15562.0
41.756071224 15574.0
41.762636366 15195.0
41.769201507 15489.0
41.775766648 15571.0
41.782331790 15439.0
41.788896931 15374.0
41.795462073 15470.0
41.802027214 15369.0
41.808592355 15495.0
41.815157497 15783.0
41.821722638 15396.0
41.828287779 15306.0
41.834852921 15506.0
41.841418062 15451.0
41.847983203 15450.0
41.854548345 15284.0
41.861113486 15230.0
41.867678627 15441.0
41.874243769 15714.0
41.880808910 15607.0
41.887374051 15268.0
41.893939193 15595.0
41.900504334 15293.0
41.907069475 15443.0
41.913634617 15604.0
41.920199758 15608.0
41.926764899 15503.0
41.933330041 15401.0
41.939895182 15499.0
41.946460323 15289.0
41.953025465 15522.0
41.959590606 15530.0
41.966155747 15375.0
41.972720889 15539.0
41.979286030 15402.0
41.985851171 15554.0
41.992416313 15185.0
41.998981454 15454.0
42.005546595 15492.0
42.012111737 15741.0
42.018676878 15404.0
42.025242019 15525.0
42.031807161 15313.0
42.038372302 15321.0
42.044937443 15658.0
42.051502585 15342.0
42.058067726 15353.0
42.064632867 15243.0
42.071198009 15560.0
42.077763150 15436.0
42.084328291 15507.0
42.090893433 15531.0
42.097458574 15688.0
42.104023715 15525.0
42.110588857 15225.0
42.117153998 15197.0
42.123719139 15890.0
42.130284281 15599.0
42.136849422 15443.0
42.143414563 15455.0
42.149979705 15321.0
42.156544846 15455.0
42.163109987 15455.0
42.169675129 15570.0
42.176240270 15459.0
42.182805411 15405.0
42.189370553 15557.0
42.195935694 15448.0
42.202500835 15426.0
42.209065977 15636.0
42.215631118 15683.0
42.222196260 15474.0
42.228761401 15557.0
42.235326542 15511.0
42.241891684 15623.0
42.248456825 15671.0
42.255021966 15519.0
42.261587108 15683.0
42.268152249 15681.0
42.274717390 15657.0
42.281282532 15402.0
42.287847673 15424.0
42.294412814 15612.0
42.300977956 15522.0
42.307543097 15644.0
42.314108238 15373.0
42.320673380 15614.0
42.327238521 15436.0
42.333803662 15686.0
42.340368804 15627.0
42.346933945 15455.0
42.353499086 15509.0
42.360064228 15656.0
42.366629369 15516.0
42.373194510 15492.0
42.379759652 15558.0
42.386324793 15460.0
42.392889934 15650.0
42.399455076 15624.0
42.406020217 15410.0
42.412585358 15355.0
42.419150500 15646.0
42.425715641 15518.0
42.432280782 15562.0
42.438845924 15445.0
42.445411065 15354.0
42.451976206 15729.0
42.458541348 15643.0
42.465106489 15583.0
42.471671630 15483.0
42.478236772 15561.0
42.484801913 15713.0
42.491367054 15453.0
42.497932196 15193.0
42.504497337 15348.0
42.511062478 15526.0
42.517627620 15684.0
42.524192761 15614.0
42.530757902 15615.0
42.537323044 15545.0
42.543888185 15327.0
42.550453326 15600.0
42.557018468 15649.0
42.563583609 15508.0
42.570148750 15392.0
42.576713892 15594.0
42.583279033 15563.0
42.589844174 15559.0
42.596409316 15557.0
42.602974457 15341.0
42.609539598 15413.0
42.616104740 15519.0
42.622669881 15359.0
42.629235022 15433.0
42.635800164 15855.0
42.642365305 15546.0
42.648930447 15655.0
42.655495588 15266.0
42.662060729 15650.0
42.668625871 15617.0
42.675191012 15451.0
42.681756153 15634.0
42.688321295 15615.0
42.694886436 15428.0
42.701451577 15539.0
42.708016719 15581.0
42.714581860 15388.0
42.721147001 15603.0
42.727712143 15758.0
42.734277284 15685.0
42.740842425 15460.0
42.747407567 15520.0
42.753972708 15644.0
42.760537849 15514.0
42.767102991 15586.0
42.773668132 15652.0
42.780233273 15791.0
42.786798415 15526.0
42.793363556 15535.0
42.799928697 15538.0
42.806493839 15808.0
42.813058980 15658.0
42.819624121 15787.0
42.826189263 15531.0
42.832754404 15660.0
42.839319545 15504.0
42.845884687 15909.0
42.852449828 15692.0
42.859014969 15711.0
42.865580111 15594.0
42.872145252 15746.0
42.878710393 15756.0
42.885275535 15606.0
42.891840676 15726.0
42.898405817 15885.0
42.904970959 15658.0
42.911536100 15839.0
42.918101241 15999.0
42.924666383 15566.0
42.931231524 15650.0
42.937796665 15779.0
42.944361807 15642.0
42.950926948 15723.0
42.957492089 15532.0
42.964057231 15706.0
42.970622372 15628.0
42.977187513 15567.0
42.983752655 15589.0
42.990317796 15819.0
42.996882937 15700.0
43.003448079 15720.0
43.010013220 15757.0
43.016578361 15933.0
43.023143503 15703.0
43.029708644 15735.0
43.036273785 15649.0
43.042838927 15496.0
43.049404068 15716.0
43.055969210 15799.0
43.062534351 15957.0
43.069099492 15983.0
43.075664634 15738.0
43.082229775 16009.0
43.088794916 15674.0
43.095360058 15616.0
43.101925199 15740.0
43.108490340 15653.0
43.115055482 15603.0
43.121620623 15825.0
43.128185764 15837.0
43.134750906 15723.0
43.141316047 15598.0
43.147881188 15728.0
43.154446330 15824.0
43.161011471 15794.0
43.167576612 15585.0
43.174141754 15681.0
43.180706895 15732.0
43.187272036 15907.0
43.193837178 15794.0
43.200402319 15897.0
43.206967460 15804.0
43.213532602 15815.0
43.220097743 15818.0
43.226662884 15817.0
43.233228026 15941.0
43.239793167 16000.0
43.246358308 15796.0
43.252923450 15976.0
43.259488591 15876.0
43.266053732 15783.0
43.272618874 16100.0
43.279184015 15877.0
43.285749156 15768.0
43.292314298 15824.0
43.298879439 15981.0
43.305444580 15915.0
43.312009722 15852.0
43.318574863 15821.0
43.325140004 15998.0
43.331705146 15714.0
43.338270287 15760.0
43.344835428 16229.0
43.351400570 15888.0
43.357965711 15727.0
43.364530852 15702.0
43.371095994 16049.0
43.377661135 16031.0
43.384226276 15725.0
43.390791418 15699.0
43.397356559 16098.0
43.403921700 15906.0
43.410486842 16032.0
43.417051983 15759.0
43.423617124 15909.0
43.430182266 15758.0
43.436747407 16063.0
43.443312548 16088.0
43.449877690 15923.0
43.456442831 16166.0
43.463007972 15817.0
43.469573114 15767.0
43.476138255 15949.0
43.482703397 16045.0
43.489268538 16027.0
43.495833679 16007.0
43.502398821 16036.0
43.508963962 16088.0
43.515529103 16072.0
43.522094245 16098.0
43.528659386 16181.0
43.535224527 16035.0
43.541789669 16108.0
43.548354810 16173.0
43.554919951 15915.0
43.561485093 15918.0
43.568050234 15971.0
43.574615375 15988.0
43.581180517 15995.0
43.587745658 15970.0
43.594310799 15983.0
43.600875941 16301.0
43.607441082 16181.0
43.614006223 15806.0
43.620571365 16187.0
43.627136506 16100.0
43.633701647 16173.0
43.640266789 16047.0
43.646831930 16145.0
43.653397071 16153.0
43.659962213 16107.0
43.666527354 16130.0
43.673092495 16184.0
43.679657637 16128.0
43.686222778 16173.0
43.692787919 16362.0
43.699353061 16224.0
43.705918202 16160.0
43.712483343 16115.0
43.719048485 16319.0
43.725613626 16259.0
43.732178767 16138.0
43.738743909 16366.0
43.745309050 16247.0
43.751874191 16421.0
43.758439333 16350.0
43.765004474 16402.0
43.771569615 16397.0
43.778134757 16402.0
43.784699898 16575.0
43.791265039 16408.0
43.797830181 16286.0
43.804395322 16541.0
43.810960463 16392.0
43.817525605 16348.0
43.824090746 16365.0
43.830655887 16560.0
43.837221029 16393.0
43.843786170 16623.0
43.850351311 16549.0
43.856916453 16749.0
43.863481594 16680.0
43.870046735 16373.0
43.876611877 16304.0
43.883177018 16521.0
43.889742159 16801.0
43.896307301 16571.0
43.902872442 16761.0
43.909437584 16931.0
43.916002725 16596.0
43.922567866 16854.0
43.929133008 16859.0
43.935698149 16962.0
43.942263290 16776.0
43.948828432 16977.0
43.955393573 17033.0
43.961958714 16983.0
43.968523856 17106.0
43.975088997 17113.0
43.981654138 17072.0
43.988219280 17425.0
43.994784421 17236.0
44.001349562 17255.0
44.007914704 17299.0
44.014479845 17515.0
44.021044986 17512.0
44.027610128 17433.0
44.034175269 17387.0
44.040740410 17976.0
44.047305552 17582.0
44.053870693 17836.0
44.060435834 18176.0
44.067000976 17825.0
44.073566117 17798.0
44.080131258 18013.0
44.086696400 18465.0
44.093261541 18010.0
44.099826682 18402.0
44.106391824 18687.0
44.112956965 18402.0
44.119522106 19039.0
44.126087248 19041.0
44.132652389 19173.0
44.139217530 19105.0
44.145782672 19248.0
44.152347813 19813.0
44.158912954 20054.0
44.165478096 19854.0
44.172043237 20371.0
44.178608378 20916.0
44.185173520 21227.0
44.191738661 21040.0
44.198303802 21548.0
44.204868944 21820.0
44.211434085 22272.0
44.217999226 22544.0
44.224564368 23307.0
44.231129509 23789.0
44.237694650 24337.0
44.244259792 24864.0
44.250824933 25474.0
44.257390074 25883.0
44.263955216 26992.0
44.270520357 27983.0
44.277085498 28759.0
44.283650640 29805.0
44.290215781 30747.0
44.296780922 31982.0
44.303346064 33582.0
44.309911205 34836.0
44.316476347 36933.0
44.323041488 38608.0
44.329606629 40798.0
44.336171771 43711.0
44.342736912 46088.0
44.349302053 49528.0
44.355867195 53103.0
44.362432336 56790.0
44.368997477 61247.0
44.375562619 66312.0
44.382127760 71437.0
44.388692901 77651.0
44.395258043 84126.0
44.401823184 90256.0
44.408388325 97690.0
44.414953467 105583.0
44.421518608 112872.0
44.428083749 121135.0
44.434648891 129727.0
44.441214032 136263.0
44.447779173 142890.0
44.454344315 148609.0
44.460909456 152961.0
44.467474597 156808.0
44.474039739 159229.0
44.480604880 158427.0
44.487170021 157875.0
44.493735163 155228.0
44.500300304 151933.0
44.506865445 147996.0
44.513430587 142750.0
44.519995728 138677.0
44.526560869 133531.0
44.533126011 129503.0
44.539691152 125469.0
44.546256293 122450.0
44.552821435 119766.0
44.559386576 117337.0
44.565951717 114489.0
44.572516859 112228.0
44.579082000 109325.0
44.585647141 106876.0
44.592212283 103373.0
44.598777424 99814.0
44.605342565 95315.0
44.611907707 91085.0
44.618472848 86214.0
44.625037989 81397.0
44.631603131 76172.0
44.638168272 70719.0
44.644733413 66242.0
44.651298555 61787.0
44.657863696 57166.0
44.664428837 52044.0
44.670993979 49170.0
44.677559120 45774.0
44.684124261 42563.0
44.690689403 40032.0
44.697254544 37501.0
44.703819685 35581.0
44.710384827 33859.0
44.716949968 31954.0
44.723515109 30549.0
44.730080251 29053.0
44.736645392 27411.0
44.743210534 26865.0
44.749775675 25981.0
44.756340816 24954.0
44.762905958 24121.0
44.769471099 23720.0
44.776036240 23304.0
44.782601382 22915.0
44.789166523 22245.0
44.795731664 21751.0
44.802296806 21371.0
44.808861947 20982.0
44.815427088 20916.0
44.821992230 20516.0
44.828557371 19963.0
44.835122512 20027.0
44.841687654 19810.0
44.848252795 19392.0
44.854817936 19201.0
44.861383078 19143.0
44.867948219 18902.0
44.874513360 18739.0
44.881078502 18669.0
44.887643643 18445.0
44.894208784 18498.0
44.900773926 18175.0
44.907339067 17931.0
44.913904208 18083.0
44.920469350 17910.0
44.927034491 17932.0
44.933599632 18079.0
44.940164774 17560.0
44.946729915 17473.0
44.953295056 17511.0
44.959860198 17650.0
44.966425339 17487.0
44.972990480 17207.0
44.979555622 17333.0
44.986120763 17291.0
44.992685904 17155.0
44.999251046 16911.0
45.005816187 17143.0
45.012381328 16938.0
45.018946470 16906.0
45.025511611 16863.0
45.032076752 16769.0
45.038641894 16916.0
45.045207035 17000.0
45.051772176 16917.0
45.058337318 16775.0
45.064902459 16630.0
45.071467600 16939.0
45.078032742 16800.0
45.084597883 16592.0
45.091163024 16661.0
45.097728166 16549.0
45.104293307 16733.0
45.110858448 16546.0
45.117423590 16504.0
45.123988731 16572.0
45.130553872 16520.0
45.137119014 16510.0
45.143684155 16674.0
45.150249296 16350.0
45.156814438 16366.0
45.163379579 16187.0
45.169944721 16497.0
45.176509862 16204.0
45.183075003 16122.0
45.189640145 16409.0
45.196205286 16211.0
45.202770427 16447.0
45.209335569 16261.0
45.215900710 16310.0
45.222465851 16148.0
45.229030993 16210.0
45.235596134 16201.0
45.242161275 16310.0
45.248726417 16108.0
45.255291558 16001.0
45.261856699 16315.0
45.268421841 16192.0
45.274986982 15913.0
45.281552123 15925.0
45.288117265 16086.0
45.294682406 15906.0
45.301247547 16138.0
45.307812689 16061.0
45.314377830 16272.0
45.320942971 16005.0
45.327508113 15900.0
45.334073254 15967.0
45.340638395 15872.0
45.347203537 15912.0
45.353768678 16027.0
45.360333819 16034.0
45.366898961 16094.0
45.373464102 15864.0
45.380029243 16088.0
45.386594385 15861.0
45.393159526 16113.0
45.399724667 15792.0
45.406289809 16087.0
45.412854950 15929.0
45.419420091 15785.0
45.425985233 16135.0
45.432550374 15632.0
45.439115515 16055.0
45.445680657 15781.0
45.452245798 15697.0
45.458810939 16054.0
45.465376081 15709.0
45.471941222 15650.0
45.478506363 15744.0
45.485071505 15941.0
45.491636646 15985.0
45.498201787 15919.0
45.504766929 15782.0
45.511332070 15771.0
45.517897211 15714.0
45.524462353 15978.0
45.531027494 15829.0
45.537592635 16059.0
45.544157777 15527.0
45.550722918 15915.0
45.557288059 15694.0
45.563853201 15880.0
45.570418342 15604.0
45.576983483 15952.0
45.583548625 15664.0
45.590113766 15651.0
45.596678908 15644.0
45.603244049 15878.0
45.609809190 15817.0
45.616374332 15907.0
45.622939473 15675.0
45.629504614 15615.0
45.636069756 15681.0
45.642634897 15597.0
45.649200038 15818.0
45.655765180 15769.0
45.662330321 15744.0
45.668895462 15911.0
45.675460604 15607.0
45.682025745 15672.0
45.688590886 15652.0
45.695156028 15406.0
45.701721169 15668.0
45.708286310 15590.0
45.714851452 15787.0
45.721416593 15645.0
45.727981734 15633.0
45.734546876 15722.0
45.741112017 15870.0
45.747677158 15670.0
45.754242300 15832.0
45.760807441 15707.0
45.767372582 15562.0
45.773937724 15712.0
45.780502865 15777.0
45.787068006 15638.0
45.793633148 15491.0
45.800198289 15565.0
45.806763430 15469.0
45.813328572 15679.0
45.819893713 15863.0
45.826458854 15565.0
45.833023996 15557.0
45.839589137 15425.0
45.846154278 15394.0
45.852719420 15631.0
45.859284561 15718.0
45.865849702 15750.0
45.872414844 15677.0
45.878979985 15924.0
45.885545126 15551.0
45.892110268 15436.0
45.898675409 15404.0
45.905240550 15395.0
45.911805692 15531.0
45.918370833 15399.0
45.924935974 15701.0
45.931501116 15753.0
45.938066257 15474.0
45.944631398 15723.0
45.951196540 15628.0
45.957761681 15770.0
45.964326822 15714.0
45.970891964 15600.0
45.977457105 15440.0
45.984022246 15378.0
45.990587388 15530.0
45.997152529 15537.0
46.003717671 15823.0
46.010282812 15683.0
46.016847953 15553.0
46.023413095 15471.0
46.029978236 15973.0
46.036543377 15470.0
46.043108519 15553.0
46.049673660 15519.0
46.056238801 15912.0
46.062803943 15472.0
46.069369084 15565.0
46.075934225 15486.0
46.082499367 15560.0
46.089064508 15588.0
46.095629649 15677.0
46.102194791 15578.0
46.108759932 15421.0
46.115325073 15483.0
46.121890215 15467.0
46.128455356 15515.0
46.135020497 15279.0
46.141585639 15550.0
46.148150780 15381.0
46.154715921 15915.0
46.161281063 15544.0
46.167846204 15445.0
46.174411345 15459.0
46.180976487 15586.0
46.187541628 15355.0
46.194106769 15562.0
46.200671911 15684.0
46.207237052 15582.0
46.213802193 15705.0
46.220367335 15329.0
46.226932476 15332.0
46.233497617 15651.0
46.240062759 15673.0
46.246627900 15573.0
46.253193041 15405.0
46.259758183 15458.0
46.266323324 15457.0
46.272888465 15853.0
46.279453607 15459.0
46.286018748 15392.0
46.292583889 15460.0
46.299149031 15367.0
46.305714172 15636.0
46.312279313 15483.0
46.318844455 15494.0
46.325409596 15386.0
46.331974737 15703.0
46.338539879 15475.0
46.345105020 15396.0
46.351670161 15385.0
46.358235303 15380.0
46.364800444 15395.0
46.371365585 15327.0
46.377930727 15809.0
46.384495868 15565.0
46.391061009 15613.0
46.397626151 15572.0
46.404191292 15463.0
46.410756433 15441.0
46.417321575 15492.0
46.423886716 15377.0
46.430451858 15549.0
46.437016999 15434.0
46.443582140 15526.0
46.450147282 15582.0
46.456712423 15866.0
46.463277564 15375.0
46.469842706 15737.0
46.476407847 15440.0
46.482972988 15461.0
46.489538130 15548.0
46.496103271 15575.0
46.502668412 15580.0
46.509233554 15353.0
46.515798695 15648.0
46.522363836 15479.0
46.528928978 15705.0
46.535494119 15653.0
46.542059260 15418.0
46.548624402 15584.0
46.555189543 15502.0
46.561754684 15547.0
46.568319826 15550.0
46.574884967 15501.0
46.581450108 15630.0
46.588015250 15653.0
46.594580391 15538.0
46.601145532 15461.0
46.607710674 15622.0
46.614275815 15542.0
46.620840956 15380.0
46.627406098 15448.0
46.633971239 15588.0
46.640536380 15409.0
46.647101522 15477.0
46.653666663 15522.0
46.660231804 15539.0
46.666796946 15530.0
46.673362087 15481.0
46.679927228 15413.0
46.686492370 15560.0
46.693057511 15501.0
46.699622652 15214.0
46.706187794 15370.0
46.712752935 15519.0
46.719318076 15514.0
46.725883218 15348.0
46.732448359 15574.0
46.739013500 15373.0
46.745578642 15348.0
46.752143783 15508.0
46.758708924 15599.0
46.765274066 15605.0
46.771839207 15451.0
46.778404348 15679.0
46.784969490 15284.0
46.791534631 15718.0
46.798099772 15656.0
46.804664914 15509.0
46.811230055 15587.0
46.817795196 15405.0
46.824360338 15471.0
46.830925479 15571.0
46.837490620 15409.0
46.844055762 15615.0
46.850620903 15452.0
46.857186045 15409.0
46.863751186 15404.0
46.870316327 15542.0
46.876881469 15494.0
46.883446610 15553.0
46.890011751 15404.0
46.896576893 15393.0
46.903142034 15529.0
46.909707175 15408.0
46.916272317 15769.0
46.922837458 15295.0
46.929402599 15483.0
46.935967741 15310.0
46.942532882 15442.0
46.949098023 15300.0
46.955663165 15509.0
46.962228306 15560.0
46.968793447 15513.0
46.975358589 15479.0
46.981923730 15645.0
46.988488871 15361.0
46.995054013 15484.0
47.001619154 15545.0
47.008184295 15556.0
47.014749437 15368.0
47.021314578 15487.0
47.027879719 15669.0
47.034444861 15536.0
47.041010002 15554.0
47.047575143 15733.0
47.054140285 15282.0
47.060705426 15571.0
47.067270567 15424.0
47.073835709 15470.0
47.080400850 15468.0
47.086965991 15582.0
47.093531133 15339.0
47.100096274 15395.0
47.106661415 15547.0
47.113226557 15337.0
47.119791698 15459.0
47.126356839 15559.0
47.132921981 15534.0
47.139487122 15311.0
47.146052263 15377.0
47.152617405 15525.0
47.159182546 15427.0
47.165747687 15516.0
47.172312829 15549.0
47.178877970 15407.0
47.185443111 15635.0
47.192008253 15605.0
47.198573394 15453.0
47.205138535 15576.0
47.211703677 15429.0
47.218268818 15606.0
47.224833959 15422.0
47.231399101 15478.0
47.237964242 15500.0
47.244529383 15516.0
47.251094525 15430.0
47.257659666 15614.0
47.264224808 15490.0
47.270789949 15609.0
47.277355090 15450.0
47.283920232 15565.0
47.290485373 15198.0
47.297050514 15634.0
47.303615656 15614.0
47.310180797 15396.0
47.316745938 15596.0
47.323311080 15517.0
47.329876221 15307.0
47.336441362 15455.0
47.343006504 15576.0
47.349571645 15288.0
47.356136786 15305.0
47.362701928 15546.0
47.369267069 15343.0
47.375832210 15617.0
47.382397352 15752.0
47.388962493 15588.0
47.395527634 15434.0
47.402092776 15629.0
47.408657917 15369.0
47.415223058 15335.0
47.421788200 15490.0
47.428353341 15431.0
47.434918482 15703.0
47.441483624 15453.0
47.448048765 15372.0
47.454613906 15351.0
47.461179048 15456.0
47.467744189 15665.0
47.474309330 15734.0
47.480874472 15573.0
47.487439613 15456.0
47.494004754 15489.0
47.500569896 15485.0
47.507135037 15688.0
47.513700178 15406.0
47.520265320 15594.0
47.526830461 15333.0
47.533395602 15591.0
47.539960744 15347.0
47.546525885 15360.0
47.553091026 15429.0
47.559656168 15733.0
47.566221309 15472.0
47.572786450 15437.0
47.579351592 15467.0
47.585916733 15363.0
47.592481874 15463.0
47.599047016 15603.0
47.605612157 15579.0
47.612177298 15589.0
47.618742440 15478.0
47.625307581 15588.0
47.631872722 15597.0
47.638437864 15642.0
47.645003005 15458.0
47.651568146 15419.0
47.658133288 15495.0
47.664698429 15497.0
47.671263570 15288.0
47.677828712 15287.0
47.684393853 15392.0
47.690958995 15561.0
47.697524136 15624.0
47.704089277 15482.0
47.710654419 15619.0
47.717219560 15548.0
47.723784701 15525.0
47.730349843 15366.0
47.736914984 15587.0
47.743480125 15618.0
47.750045267 15563.0
47.756610408 15461.0
47.763175549 15212.0
47.769740691 15519.0
47.776305832 15483.0
47.782870973 15447.0
47.789436115 15702.0
47.796001256 15619.0
47.802566397 15761.0
47.809131539 15561.0
47.815696680 15432.0
47.822261821 15682.0
47.828826963 15540.0
47.835392104 15644.0
47.841957245 15877.0
47.848522387 15692.0
47.855087528 15529.0
47.861652669 15262.0
47.868217811 15593.0
47.874782952 15851.0
47.881348093 15670.0
47.887913235 15630.0
47.894478376 15551.0
47.901043517 15673.0
47.907608659 15513.0
47.914173800 15796.0
47.920738941 15560.0
47.927304083 15444.0
47.933869224 15483.0
47.940434365 15743.0
47.946999507 15716.0
47.953564648 15753.0
47.960129789 15624.0
47.966694931 15780.0
47.973260072 15643.0
47.979825213 15537.0
47.986390355 15536.0
47.992955496 15500.0
47.999520637 15578.0
48.006085779 15527.0
48.012650920 15608.0
48.019216061 15564.0
48.025781203 15507.0
48.032346344 15567.0
48.038911485 15470.0
48.045476627 15508.0
48.052041768 15385.0
48.058606909 15571.0
48.065172051 15555.0
48.071737192 15766.0
48.078302333 15876.0
48.084867475 15680.0
48.091432616 15815.0
48.097997757 15727.0
48.104562899 15649.0
48.111128040 15548.0
48.117693182 15469.0
48.124258323 15852.0
48.130823464 15676.0
48.137388606 15728.0
48.143953747 15716.0
48.150518888 15603.0
48.157084030 15789.0
48.163649171 15736.0
48.170214312 15682.0
48.176779454 15465.0
48.183344595 15470.0
48.189909736 15728.0
48.196474878 15770.0
48.203040019 15705.0
48.209605160 15568.0
48.216170302 15567.0
48.222735443 15944.0
48.229300584 16021.0
48.235865726 15878.0
48.242430867 15719.0
48.248996008 15862.0
48.255561150 15942.0
48.262126291 15784.0
48.268691432 15757.0
48.275256574 15841.0
48.281821715 16069.0
48.288386856 15899.0
48.294951998 15890.0
48.301517139 16003.0
48.308082280 15843.0
48.314647422 15750.0
48.321212563 15695.0
48.327777704 15696.0
48.334342846 15885.0
48.340907987 16070.0
48.347473128 16042.0
48.354038270 16148.0
48.360603411 16127.0
48.367168552 15934.0
48.373733694 16137.0
48.380298835 16452.0
48.386863976 16357.0
48.393429118 16272.0
48.399994259 16371.0
48.406559400 16483.0
48.413124542 16649.0
48.419689683 16562.0
48.426254824 16414.0
48.432819966 16744.0
48.439385107 16685.0
48.445950248 16921.0
48.452515390 16946.0
48.459080531 17094.0
48.465645672 17225.0
48.472210814 17349.0
48.478775955 17900.0
48.485341096 17348.0
48.491906238 17714.0
48.498471379 18101.0
48.505036520 17893.0
48.511601662 18707.0
48.518166803 18882.0
48.524731944 19314.0
48.531297086 19655.0
48.537862227 19845.0
48.544427369 20614.0
48.550992510 21153.0
48.557557651 21745.0
48.564122793 22625.0
48.570687934 23558.0
48.577253075 24607.0
48.583818217 25598.0
48.590383358 26753.0
48.596948499 27708.0
48.603513641 29181.0
48.610078782 30523.0
48.616643923 31886.0
48.623209065 33362.0
48.629774206 34214.0
48.636339347 35634.0
48.642904489 36320.0
48.649469630 37102.0
48.656034771 37739.0
48.662599913 37708.0
48.669165054 37348.0
48.675730195 37271.0
48.682295337 36573.0
48.688860478 35683.0
48.695425619 34494.0
48.701990761 33385.0
48.708555902 32575.0
48.715121043 31497.0
48.721686185 31035.0
48.728251326 30143.0
48.734816467 29661.0
48.741381609 29788.0
48.747946750 28816.0
48.754511891 29139.0
48.761077033 29078.0
48.767642174 29002.0
48.774207315 28881.0
48.780772457 28283.0
48.787337598 28134.0
48.793902739 28130.0
48.800467881 27266.0
48.807033022 26757.0
48.813598163 26169.0
48.820163305 25371.0
48.826728446 24221.0
48.833293587 23398.0
48.839858729 22564.0
48.846423870 22171.0
48.852989011 21685.0
48.859554153 20902.0
48.866119294 20220.0
48.872684435 19926.0
48.879249577 19092.0
48.885814718 18940.0
48.892379859 18476.0
48.898945001 18172.0
48.905510142 18093.0
48.912075283 17792.0
48.918640425 17372.0
48.925205566 17144.0
48.931770707 17087.0
48.938335849 16964.0
48.944900990 16834.0
48.951466132 16949.0
48.958031273 16827.0
48.964596414 16549.0
48.971161556 16619.0
48.977726697 16376.0
48.984291838 16235.0
48.990856980 16474.0
48.997422121 16206.0
49.003987262 16173.0
49.010552404 16279.0
49.017117545 16156.0
49.023682686 16260.0
49.030247828 16100.0
49.036812969 16229.0
49.043378110 15983.0
49.049943252 15913.0
49.056508393 15992.0
49.063073534 15916.0
49.069638676 15895.0
49.076203817 15858.0
49.082768958 15823.0
49.089334100 15754.0
49.095899241 15909.0
49.102464382 16070.0
49.109029524 15621.0
49.115594665 15884.0
49.122159806 15887.0
49.128724948 15674.0
49.135290089 15803.0
49.141855230 15880.0
49.148420372 15738.0
49.154985513 15698.0
49.161550654 15734.0
49.168115796 15685.0
49.174680937 15797.0
49.181246078 15751.0
49.187811220 15696.0
49.194376361 15705.0
49.200941502 15405.0
49.207506644 15625.0
49.214071785 15712.0
49.220636926 15685.0
49.227202068 15759.0
49.233767209 15692.0
49.240332350 15228.0
49.246897492 15397.0
49.253462633 15650.0
49.260027774 15520.0
49.266592916 15611.0
49.273158057 15775.0
49.279723198 15798.0
49.286288340 15600.0
49.292853481 15531.0
49.299418622 15878.0
49.305983764 15497.0
49.312548905 15443.0
49.319114046 15738.0
49.325679188 15418.0
49.332244329 15611.0
49.338809470 15526.0
49.345374612 15673.0
49.351939753 15744.0
49.358504894 15399.0
49.365070036 15445.0
49.371635177 15500.0
49.378200319 15431.0
49.384765460 15732.0
49.391330601 15474.0
49.397895743 15706.0
49.404460884 15632.0
49.411026025 15617.0
49.417591167 15473.0
49.424156308 15592.0
49.430721449 15534.0
49.437286591 15733.0
49.443851732 15264.0
49.450416873 15614.0
49.456982015 15647.0
49.463547156 15426.0
49.470112297 15560.0
49.476677439 15701.0
49.483242580 15591.0
49.489807721 15493.0
49.496372863 15297.0
49.502938004 15373.0
49.509503145 15586.0
49.516068287 15293.0
49.522633428 15519.0
49.529198569 15396.0
49.535763711 15653.0
49.542328852 15637.0
49.548893993 15341.0
49.555459135 15274.0
49.562024276 15555.0
49.568589417 15477.0
49.575154559 15683.0
49.581719700 15656.0
49.588284841 15486.0
49.594849983 15322.0
49.601415124 15447.0
49.607980265 15747.0
49.614545407 15540.0
49.621110548 15304.0
49.627675689 15380.0
49.634240831 15474.0
49.640805972 15505.0
49.647371113 15485.0
49.653936255 15451.0
49.660501396 15369.0
49.667066537 15544.0
49.673631679 15477.0
49.680196820 15822.0
49.686761961 15321.0
49.693327103 15530.0
49.699892244 15195.0
49.706457385 15265.0
49.713022527 15283.0
49.719587668 15538.0
49.726152809 15391.0
49.732717951 15611.0
49.739283092 15407.0
49.745848233 15412.0
49.752413375 15462.0
49.758978516 15474.0
49.765543657 15487.0
49.772108799 15594.0
49.778673940 15403.0
49.785239081 15544.0
49.791804223 15169.0
49.798369364 15359.0
49.804934506 15390.0
49.811499647 15195.0
49.818064788 15381.0
49.824629930 15454.0
49.831195071 15369.0
49.837760212 15427.0
49.844325354 15264.0
49.850890495 15339.0
49.857455636 15430.0
49.864020778 15514.0
49.870585919 15345.0
49.877151060 15506.0
49.883716202 15558.0
49.890281343 15455.0
49.896846484 15410.0
49.903411626 15652.0
49.909976767 15479.0
49.916541908 15340.0
49.923107050 15291.0
49.929672191 15569.0
49.936237332 15230.0
49.942802474 15359.0
49.949367615 15447.0
49.955932756 15551.0
49.962497898 15497.0
49.969063039 15622.0
49.975628180 15537.0
49.982193322 15623.0
49.988758463 15583.0
49.995323604 15420.0
50.001888746 15458.0
50.008453887 15381.0
50.015019028 15439.0
50.021584170 15416.0
50.028149311 15280.0
50.034714452 15415.0
50.041279594 15452.0
50.047844735 15583.0
50.054409876 15553.0
50.060975018 15359.0
50.067540159 15383.0
50.074105300 15366.0
50.080670442 15323.0
50.087235583 15681.0
50.093800724 15327.0
50.100365866 15460.0
50.106931007 15377.0
50.113496148 15434.0
50.120061290 15533.0
50.126626431 15097.0
50.133191572 15582.0
50.139756714 15561.0
50.146321855 15335.0
50.152886996 15455.0
50.159452138 15712.0
50.166017279 15363.0
50.172582420 15301.0
50.179147562 15476.0
50.185712703 15477.0
50.192277844 15545.0
50.198842986 15549.0
50.205408127 15209.0
50.211973269 15317.0
50.218538410 15590.0
50.225103551 15527.0
50.231668693 15331.0
50.238233834 15419.0
50.244798975 15315.0
50.251364117 15412.0
50.257929258 15258.0
50.264494399 15503.0
50.271059541 15711.0
50.277624682 15506.0
50.284189823 15290.0
50.290754965 15699.0
50.297320106 15414.0
50.303885247 15636.0
50.310450389 15470.0
50.317015530 15564.0
50.323580671 15668.0
50.330145813 15439.0
50.336710954 15286.0
50.343276095 15343.0
50.349841237 15515.0
50.356406378 15691.0
50.362971519 15328.0
50.369536661 15275.0
50.376101802 15341.0
50.382666943 15488.0
50.389232085 15560.0
50.395797226 15265.0
50.402362367 15362.0
50.408927509 15452.0
50.415492650 15304.0
50.422057791 15222.0
50.428622933 15532.0
50.435188074 15498.0
50.441753215 15472.0
50.448318357 15423.0
50.454883498 15367.0
50.461448639 15292.0
50.468013781 15482.0
50.474578922 15410.0
50.481144063 15689.0
50.487709205 15431.0
50.494274346 15273.0
50.500839487 15381.0
50.507404629 15355.0
50.513969770 15589.0
50.520534911 15481.0
50.527100053 15432.0
50.533665194 15458.0
50.540230335 15675.0
50.546795477 15430.0
50.553360618 15363.0
50.559925759 15442.0
50.566490901 15427.0
50.573056042 15426.0
50.579621183 15336.0
50.586186325 15508.0
50.592751466 15336.0
50.599316607 15405.0
50.605881749 15419.0
50.612446890 15529.0
50.619012031 15501.0
50.625577173 15381.0
50.632142314 15400.0
50.638707456 15259.0
50.645272597 15426.0
50.651837738 15401.0
50.658402880 15627.0
50.664968021 15524.0
50.671533162 15436.0
50.678098304 15465.0
50.684663445 15469.0
50.691228586 15436.0
50.697793728 15381.0
50.704358869 15607.0
50.710924010 15266.0
50.717489152 15189.0
50.724054293 15291.0
50.730619434 15262.0
50.737184576 15340.0
50.743749717 15559.0
50.750314858 15343.0
50.756880000 15473.0
50.763445141 15481.0
50.770010282 15305.0
50.776575424 15487.0
50.783140565 15467.0
50.789705706 15434.0
50.796270848 15155.0
50.802835989 15304.0
50.809401130 15506.0
50.815966272 15440.0
50.822531413 15331.0
50.829096554 15319.0
50.835661696 15712.0
50.842226837 15361.0
50.848791978 15430.0
50.855357120 15362.0
50.861922261 15365.0
50.868487402 15464.0
50.875052544 15554.0
50.881617685 15399.0
50.888182826 15504.0
50.894747968 15493.0
50.901313109 15295.0
50.907878250 15295.0
50.914443392 15481.0
50.921008533 15428.0
50.927573674 15592.0
50.934138816 15448.0
50.940703957 15210.0
50.947269098 15315.0
50.953834240 15120.0
50.960399381 15440.0
50.966964522 15277.0
50.973529664 15443.0
50.980094805 15451.0
50.986659946 15336.0
50.993225088 15440.0
50.999790229 15209.0
51.006355370 15388.0
51.012920512 15446.0
51.019485653 15262.0
51.026050794 15447.0
51.032615936 15428.0
51.039181077 15363.0
51.045746218 15713.0
51.052311360 15293.0
51.058876501 15460.0
51.065441643 15560.0
51.072006784 15210.0
51.078571925 15227.0
51.085137067 15747.0
51.091702208 15540.0
51.098267349 15593.0
51.104832491 15385.0
51.111397632 15380.0
51.117962773 15333.0
51.124527915 15464.0
51.131093056 15525.0
51.137658197 15609.0
51.144223339 15332.0
51.150788480 15561.0
51.157353621 15385.0
51.163918763 15458.0
51.170483904 15292.0
51.177049045 15433.0
51.183614187 15430.0
51.190179328 15520.0
51.196744469 15429.0
51.203309611 15152.0
51.209874752 15613.0
51.216439893 15540.0
51.223005035 15256.0
51.229570176 15257.0
51.236135317 15420.0
51.242700459 15471.0
51.249265600 15464.0
51.255830741 15539.0
51.262395883 15464.0
51.268961024 15480.0
51.275526165 15412.0
51.282091307 15528.0
51.288656448 15276.0
51.295221589 15595.0
51.301786731 15435.0
51.308351872 15386.0
51.314917013 15531.0
51.321482155 15314.0
51.328047296 15494.0
51.334612437 15422.0
51.341177579 15609.0
51.347742720 15389.0
51.354307861 15573.0
51.360873003 15288.0
51.367438144 15207.0
51.374003285 15575.0
51.380568427 15321.0
51.387133568 15339.0
51.393698709 15588.0
51.400263851 15465.0
51.406828992 15545.0
51.413394133 15651.0
51.419959275 15304.0
51.426524416 15281.0
51.433089557 15293.0
51.439654699 15679.0
51.446219840 15355.0
51.452784981 15443.0
51.459350123 15610.0
51.465915264 15113.0
51.472480406 15323.0
51.479045547 15370.0
51.485610688 15162.0
51.492175830 15430.0
51.498740971 15211.0
51.505306112 15473.0
51.511871254 15382.0
51.518436395 15340.0
51.525001536 15316.0
51.531566678 15332.0
51.538131819 15340.0
51.544696960 15252.0
51.551262102 15237.0
51.557827243 15349.0
51.564392384 15325.0
51.570957526 15681.0
51.577522667 15379.0
51.584087808 15379.0
51.590652950 15245.0
51.597218091 15605.0
51.603783232 15672.0
51.610348374 15564.0
51.616913515 15462.0
51.623478656 15675.0
51.630043798 15389.0
51.636608939 15605.0
51.643174080 15314.0
51.649739222 15520.0
51.656304363 15517.0
51.662869504 15349.0
51.669434646 15273.0
51.675999787 15515.0
51.682564928 15337.0
51.689130070 15350.0
51.695695211 15637.0
51.702260352 15272.0
51.708825494 15281.0
51.715390635 15395.0
51.721955776 15580.0
51.728520918 15438.0
51.735086059 15297.0
51.741651200 15452.0
51.748216342 15286.0
51.754781483 15461.0
51.761346624 15474.0
51.767911766 15676.0
51.774476907 15583.0
51.781042048 15274.0
51.787607190 15401.0
51.794172331 15153.0
51.800737472 15480.0
51.807302614 15384.0
51.813867755 15493.0
51.820432896 15431.0
51.826998038 15475.0
51.833563179 15275.0
51.840128320 15475.0
51.846693462 15320.0
51.853258603 15524.0
51.859823744 15438.0
51.866388886 15212.0
51.872954027 15597.0
51.879519168 15417.0
51.886084310 15518.0
51.892649451 15063.0
51.899214593 15330.0
51.905779734 15523.0
51.912344875 15546.0
51.918910017 15339.0
51.925475158 15419.0
51.932040299 15216.0
51.938605441 15281.0
51.945170582 15413.0
51.951735723 15384.0
51.958300865 15324.0
51.964866006 15602.0
51.971431147 15420.0
51.977996289 15165.0
51.984561430 15507.0
51.991126571 15445.0
51.997691713 15469.0
52.004256854 15571.0
52.010821995 15359.0
52.017387137 15457.0
52.023952278 15397.0
52.030517419 15487.0
52.037082561 15213.0
52.043647702 15365.0
52.050212843 15434.0
52.056777985 15476.0
52.063343126 15445.0
52.069908267 15480.0
52.076473409 15272.0
52.083038550 15215.0
52.089603691 15281.0
52.096168833 15472.0
52.102733974 15342.0
52.109299115 15278.0
52.115864257 15375.0
52.122429398 15557.0
52.128994539 15423.0
52.135559681 15232.0
52.142124822 15435.0
52.148689963 15305.0
52.155255105 15373.0
52.161820246 15258.0
52.168385387 15419.0
52.174950529 15471.0
52.181515670 15466.0
52.188080811 15488.0
52.194645953 15241.0
52.201211094 15516.0
52.207776235 15264.0
52.214341377 15316.0
52.220906518 15685.0
52.227471659 15509.0
52.234036801 15421.0
52.240601942 15382.0
52.247167083 15414.0
52.253732225 15426.0
52.260297366 15392.0
52.266862507 15489.0
52.273427649 15266.0
52.279992790 15477.0
52.286557931 15541.0
52.293123073 15220.0
52.299688214 15285.0
52.306253355 15529.0
52.312818497 15487.0
52.319383638 15643.0
52.325948780 15287.0
52.332513921 15313.0
52.339079062 15318.0
52.345644204 15307.0
52.352209345 15437.0
52.358774486 15289.0
52.365339628 15401.0
52.371904769 15547.0
52.378469910 15313.0
52.385035052 15348.0
52.391600193 15581.0
52.398165334 15255.0
52.404730476 15548.0
52.411295617 15368.0
52.417860758 15519.0
52.424425900 15458.0
52.430991041 15452.0
52.437556182 15414.0
52.444121324 15386.0
52.450686465 15263.0
52.457251606 15551.0
52.463816748 15332.0
52.470381889 15507.0
52.476947030 15328.0
52.483512172 15433.0
52.490077313 15308.0
52.496642454 15279.0
52.503207596 15570.0
52.509772737 15594.0
52.516337878 15394.0
52.522903020 15573.0
52.529468161 15546.0
52.536033302 15403.0
52.542598444 15431.0
52.549163585 15392.0
52.555728726 15165.0
52.562293868 15453.0
52.568859009 15552.0
52.575424150 15470.0
52.581989292 15282.0
52.588554433 15518.0
52.595119574 15476.0
52.601684716 15774.0
52.608249857 15481.0
52.614814998 15398.0
52.621380140 15464.0
52.627945281 15339.0
52.634510422 15411.0
52.641075564 15649.0
52.647640705 15705.0
52.654205846 15421.0
52.660770988 15473.0
52.667336129 15554.0
52.673901270 15237.0
52.680466412 15333.0
52.687031553 15470.0
52.693596694 15388.0
52.700161836 15403.0
52.706726977 15346.0
52.713292118 15337.0
52.719857260 15281.0
52.726422401 15517.0
52.732987542 15352.0
52.739552684 15507.0
52.746117825 15468.0
52.752682967 15540.0
52.759248108 15294.0
52.765813249 15491.0
52.772378391 15480.0
52.778943532 15550.0
52.785508673 15365.0
52.792073815 15411.0
52.798638956 15429.0
52.805204097 15478.0
52.811769239 15473.0
52.818334380 15593.0
52.824899521 15274.0
52.831464663 15310.0
52.838029804 15473.0
52.844594945 15509.0
52.851160087 15314.0
52.857725228 15435.0
52.864290369 15425.0
52.870855511 15407.0
52.877420652 15504.0
52.883985793 15468.0
52.890550935 15294.0
52.897116076 15554.0
52.903681217 15395.0
52.910246359 15444.0
52.916811500 15265.0
52.923376641 15462.0
52.929941783 15357.0
52.936506924 15401.0
52.943072065 15375.0
52.949637207 15428.0
52.956202348 15350.0
52.962767489 15555.0
52.969332631 15492.0
52.975897772 15221.0
52.982462913 15494.0
52.989028055 15444.0
52.995593196 15469.0
53.002158337 15578.0
53.008723479 15434.0
53.015288620 15365.0
53.021853761 15395.0
53.028418903 15583.0
53.034984044 15412.0
53.041549185 15486.0
53.048114327 15585.0
53.054679468 15223.0
53.061244609 15418.0
53.067809751 15493.0
53.074374892 15410.0
53.080940033 15205.0
53.087505175 15326.0
53.094070316 15413.0
53.100635457 15253.0
53.107200599 15402.0
53.113765740 15267.0
53.120330881 15129.0
53.126896023 15375.0
53.133461164 15646.0
53.140026305 15304.0
53.146591447 15430.0
53.153156588 15413.0
53.159721730 15364.0
53.166286871 15290.0
53.172852012 15405.0
53.179417154 15506.0
53.185982295 15251.0
53.192547436 15394.0
53.199112578 15582.0
53.205677719 15572.0
53.212242860 15476.0
53.218808002 15207.0
53.225373143 15457.0
53.231938284 15237.0
53.238503426 15369.0
53.245068567 15264.0
53.251633708 15198.0
53.258198850 15274.0
53.264763991 15397.0
53.271329132 15516.0
53.277894274 15176.0
53.284459415 15459.0
53.291024556 15366.0
53.297589698 15411.0
53.304154839 15521.0
53.310719980 15425.0
53.317285122 15356.0
53.323850263 15455.0
53.330415404 15403.0
53.336980546 15428.0
53.343545687 15418.0
53.350110828 15321.0
53.356675970 15411.0
53.363241111 15483.0
53.369806252 15344.0
53.376371394 15468.0
53.382936535 15254.0
53.389501676 15638.0
53.396066818 15400.0
53.402631959 15056.0
53.409197100 15209.0
53.415762242 15502.0
53.422327383 15478.0
53.428892524 15457.0
53.435457666 15379.0
53.442022807 15130.0
53.448587948 15405.0
53.455153090 15353.0
53.461718231 15155.0
53.468283372 15444.0
53.474848514 15309.0
53.481413655 15401.0
53.487978796 15552.0
53.494543938 15536.0
53.501109079 15522.0
53.507674220 15480.0
53.514239362 15634.0
53.520804503 15139.0
53.527369644 15592.0
53.533934786 15433.0
53.540499927 15508.0
53.547065068 15640.0
53.553630210 15533.0
53.560195351 15273.0
53.566760492 15341.0
53.573325634 15330.0
53.579890775 15573.0
53.586455917 15467.0
53.593021058 15339.0
53.599586199 15515.0
53.606151341 15271.0
53.612716482 15454.0
53.619281623 15518.0
53.625846765 15475.0
53.632411906 15514.0
53.638977047 15392.0
53.645542189 15314.0
53.652107330 15453.0
53.658672471 15451.0
53.665237613 15492.0
53.671802754 15223.0
53.678367895 15563.0
53.684933037 15687.0
53.691498178 15413.0
53.698063319 15386.0
53.704628461 15336.0
53.711193602 15622.0
53.717758743 15363.0
53.724323885 15368.0
53.730889026 15238.0
53.737454167 15326.0
53.744019309 15392.0
53.750584450 15213.0
53.757149591 15351.0
53.763714733 15593.0
53.770279874 15554.0
53.776845015 15451.0
53.783410157 15382.0
53.789975298 15555.0
53.796540439 15438.0
53.803105581 15242.0
53.809670722 15445.0
53.816235863 15247.0
53.822801005 15205.0
53.829366146 15725.0
53.835931287 15132.0
53.842496429 15169.0
53.849061570 15468.0
53.855626711 15426.0
53.862191853 15310.0
53.868756994 15250.0
53.875322135 15406.0
53.881887277 15537.0
53.888452418 15084.0
53.895017559 15280.0
53.901582701 15300.0
53.908147842 15424.0
53.914712983 15417.0
53.921278125 15370.0
53.927843266 15380.0
53.934408407 15459.0
53.940973549 15615.0
53.947538690 15351.0
53.954103831 15317.0
53.960668973 15301.0
53.967234114 15356.0
53.973799255 15689.0
53.980364397 15283.0
53.986929538 15338.0
53.993494679 15093.0
54.000059821 15389.0
54.006624962 15286.0
54.013190104 15377.0
54.019755245 15108.0
54.026320386 15134.0
54.032885528 15277.0
54.039450669 15404.0
54.046015810 15507.0
54.052580952 15383.0
54.059146093 15211.0
54.065711234 15589.0
54.072276376 15153.0
54.078841517 15310.0
54.085406658 15553.0
54.091971800 15421.0
54.098536941 15398.0
54.105102082 15319.0
54.111667224 15498.0
54.118232365 15511.0
54.124797506 15377.0
54.131362648 15485.0
54.137927789 15233.0
54.144492930 15160.0
54.151058072 15466.0
54.157623213 15333.0
54.164188354 15109.0
54.170753496 15573.0
54.177318637 15500.0
54.183883778 15277.0
54.190448920 15400.0
54.197014061 15417.0
54.203579202 15367.0
54.210144344 15240.0
54.216709485 15635.0
54.223274626 15352.0
54.229839768 15414.0
54.236404909 15319.0
54.242970050 15348.0
54.249535192 15247.0
54.256100333 15499.0
54.262665474 15456.0
54.269230616 15564.0
54.275795757 15371.0
54.282360898 15438.0
54.288926040 15470.0
54.295491181 15592.0
54.302056322 15468.0
54.308621464 15588.0
54.315186605 15476.0
54.321751746 15532.0
54.328316888 15469.0
54.334882029 15098.0
54.341447170 15303.0
54.348012312 15318.0
54.354577453 15184.0
54.361142594 15467.0
54.367707736 15515.0
54.374272877 15232.0
54.380838018 15431.0
54.387403160 15269.0
54.393968301 15367.0
54.400533442 15327.0
54.407098584 15697.0
54.413663725 15392.0
54.420228867 15427.0
54.426794008 15447.0
54.433359149 15389.0
54.439924291 15294.0
54.446489432 15496.0
54.453054573 15389.0
54.459619715 15357.0
54.466184856 15463.0
54.472749997 15279.0
54.479315139 15368.0
54.485880280 15306.0
54.492445421 15414.0
54.499010563 15495.0
54.505575704 15609.0
54.512140845 15370.0
54.518705987 15433.0
54.525271128 15481.0
54.531836269 15446.0
54.538401411 15504.0
54.544966552 15435.0
54.551531693 15299.0
54.558096835 15314.0
54.564661976 15412.0
54.571227117 15247.0
54.577792259 15271.0
54.584357400 15454.0
54.590922541 15264.0
54.597487683 15574.0
54.604052824 15641.0
54.610617965 15406.0
54.617183107 15545.0
54.623748248 15410.0
54.630313389 15504.0
54.636878531 15522.0
54.643443672 15370.0
54.650008813 15357.0
54.656573955 15433.0
54.663139096 15348.0
54.669704237 15399.0
54.676269379 15359.0
54.682834520 15497.0
54.689399661 15357.0
54.695964803 15208.0
54.702529944 15530.0
54.709095085 15354.0
54.715660227 15375.0
54.722225368 15394.0
54.728790509 15233.0
54.735355651 15507.0
54.741920792 15321.0
54.748485933 15402.0
54.755051075 15133.0
54.761616216 15470.0
54.768181357 15288.0
54.774746499 15619.0
54.781311640 15154.0
54.787876781 15427.0
54.794441923 15576.0
54.801007064 15789.0
54.807572205 15294.0
54.814137347 15550.0
54.820702488 15401.0
54.827267629 15521.0
54.833832771 15415.0
54.840397912 15396.0
54.846963054 15439.0
54.853528195 15398.0
54.860093336 15474.0
54.866658478 15301.0
54.873223619 15414.0
54.879788760 15580.0
54.886353902 15304.0
54.892919043 15489.0
54.899484184 15179.0
54.906049326 15436.0
54.912614467 15373.0
54.919179608 15502.0
54.925744750 15456.0
54.932309891 15342.0
54.938875032 15133.0
54.945440174 15217.0
54.952005315 15330.0
54.958570456 15485.0
54.965135598 15386.0
54.971700739 15471.0
54.978265880 15447.0
54.984831022 15372.0
54.991396163 15397.0
54.997961304 15402.0
55.004526446 15492.0
55.011091587 15456.0
55.017656728 15339.0
55.024221870 15285.0
55.030787011 15584.0
55.037352152 15565.0
55.043917294 15293.0
55.050482435 15439.0
55.057047576 15506.0
55.063612718 15315.0
55.070177859 15417.0
55.076743000 15260.0
55.083308142 15514.0
55.089873283 15461.0
55.096438424 15647.0
55.103003566 15394.0
55.109568707 15468.0
55.116133848 15499.0
55.122698990 15286.0
55.129264131 15384.0
55.135829272 15577.0
55.142394414 15488.0
55.148959555 15311.0
55.155524696 15336.0
55.162089838 15545.0
55.168654979 15373.0
55.175220120 15649.0
55.181785262 15415.0
55.188350403 15334.0
55.194915544 15319.0
55.201480686 15462.0
55.208045827 15470.0
55.214610968 15298.0
55.221176110 15382.0
55.227741251 15603.0
55.234306392 15440.0
55.240871534 15253.0
55.247436675 15295.0
55.254001816 15438.0
55.260566958 15262.0
55.267132099 15293.0
55.273697241 15302.0
55.280262382 15250.0
55.286827523 15419.0
55.293392665 15339.0
55.299957806 15291.0
55.306522947 15215.0
55.313088089 15524.0
55.319653230 15361.0
55.326218371 15385.0
55.332783513 15154.0
55.339348654 15528.0
55.345913795 15474.0
55.352478937 15415.0
55.359044078 15055.0
55.365609219 15411.0
55.372174361 15380.0
55.378739502 15225.0
55.385304643 15427.0
55.391869785 15258.0
55.398434926 15443.0
55.405000067 15169.0
55.411565209 15339.0
55.418130350 15301.0
55.424695491 15311.0
55.431260633 15486.0
55.437825774 15401.0
55.444390915 15547.0
55.450956057 15201.0
55.457521198 15402.0
55.464086339 15435.0
55.470651481 15472.0
55.477216622 15390.0
55.483781763 15298.0
55.490346905 15583.0
55.496912046 15266.0
55.503477187 15384.0
55.510042329 15489.0
55.516607470 15358.0
55.523172611 15332.0
55.529737753 15644.0
55.536302894 15572.0
55.542868035 15478.0
55.549433177 15203.0
55.555998318 15351.0
55.562563459 15354.0
55.569128601 15311.0
55.575693742 15385.0
55.582258883 15304.0
55.588824025 15617.0
55.595389166 15462.0
55.601954307 15257.0
55.608519449 15706.0
55.615084590 15475.0
55.621649731 15192.0
55.628214873 15417.0
55.634780014 15344.0
55.641345155 15334.0
55.647910297 15545.0
55.654475438 15568.0
55.661040579 15230.0
55.667605721 15307.0
55.674170862 15463.0
55.680736003 15392.0
55.687301145 15339.0
55.693866286 15507.0
55.700431428 15304.0
55.706996569 15434.0
55.713561710 15592.0
55.720126852 15362.0
55.726691993 15477.0
55.733257134 15408.0
55.739822276 15569.0
55.746387417 15418.0
55.752952558 15652.0
55.759517700 15438.0
55.766082841 15524.0
55.772647982 15394.0
55.779213124 15428.0
55.785778265 15188.0
55.792343406 15519.0
55.798908548 15375.0
55.805473689 15373.0
55.812038830 15380.0
55.818603972 15414.0
55.825169113 15560.0
55.831734254 15440.0
55.838299396 15511.0
55.844864537 15716.0
55.851429678 15359.0
55.857994820 15443.0
55.864559961 15350.0
55.871125102 15314.0
55.877690244 15276.0
55.884255385 15415.0
55.890820526 15458.0
55.897385668 15362.0
55.903950809 15214.0
55.910515950 15539.0
55.917081092 15371.0
55.923646233 15356.0
55.930211374 15423.0
55.936776516 15508.0
55.943341657 15214.0
55.949906798 15468.0
55.956471940 15394.0
55.963037081 15558.0
55.969602222 15293.0
55.976167364 15494.0
55.982732505 15343.0
55.989297646 15455.0
55.995862788 15510.0
56.002427929 15503.0
56.008993070 15573.0
56.015558212 15676.0
56.022123353 15254.0
56.028688494 15347.0
56.035253636 15307.0
56.041818777 15673.0
56.048383918 15479.0
56.054949060 15287.0
56.061514201 15525.0
56.068079342 15669.0
56.074644484 15544.0
56.081209625 15737.0
56.087774766 15283.0
56.094339908 15157.0
56.100905049 15606.0
56.107470191 15297.0
56.114035332 15288.0
56.120600473 15517.0
56.127165615 15477.0
56.133730756 15350.0
56.140295897 15490.0
56.146861039 15385.0
56.153426180 15126.0
56.159991321 15510.0
56.166556463 15608.0
56.173121604 15550.0
56.179686745 15548.0
56.186251887 15322.0
56.192817028 15372.0
56.199382169 15480.0
56.205947311 15484.0
56.212512452 15537.0
56.219077593 15211.0
56.225642735 15365.0
56.232207876 15438.0
56.238773017 15643.0
56.245338159 15618.0
56.251903300 15498.0
56.258468441 15622.0
56.265033583 15401.0
56.271598724 15379.0
56.278163865 15630.0
56.284729007 15504.0
56.291294148 15439.0
56.297859289 15553.0
56.304424431 15450.0
56.310989572 15414.0
56.317554713 15423.0
56.324119855 15435.0
56.330684996 15499.0
56.337250137 15298.0
56.343815279 15609.0
56.350380420 15752.0
56.356945561 15780.0
56.363510703 15310.0
56.370075844 15515.0
56.376640985 15542.0
56.383206127 15299.0
56.389771268 15420.0
56.396336409 15392.0
56.402901551 15247.0
56.409466692 15384.0
56.416031833 15381.0
56.422596975 15587.0
56.429162116 15456.0
56.435727257 15704.0
56.442292399 15283.0
56.448857540 15234.0
56.455422681 15368.0
56.461987823 15499.0
56.468552964 15428.0
56.475118105 15492.0
56.481683247 15469.0
56.488248388 15584.0
56.494813529 15456.0
56.501378671 15449.0
56.507943812 15347.0
56.514508953 15445.0
56.521074095 15572.0
56.527639236 15444.0
56.534204378 15335.0
56.540769519 15483.0
56.547334660 15394.0
56.553899802 15302.0
56.560464943 15389.0
56.567030084 15451.0
56.573595226 15412.0
56.580160367 15347.0
56.586725508 15362.0
56.593290650 15510.0
56.599855791 15649.0
56.606420932 15367.0
56.612986074 15554.0
56.619551215 15547.0
56.626116356 15253.0
56.632681498 15300.0
56.639246639 15691.0
56.645811780 15296.0
56.652376922 15397.0
56.658942063 15267.0
56.665507204 15550.0
56.672072346 15579.0
56.678637487 15347.0
56.685202628 15206.0
56.691767770 15258.0
56.698332911 15267.0
56.704898052 15369.0
56.711463194 15182.0
56.718028335 15457.0
56.724593476 15323.0
56.731158618 15623.0
56.737723759 15305.0
56.744288900 15409.0
56.750854042 15587.0
56.757419183 15334.0
56.763984324 15466.0
56.770549466 15413.0
56.777114607 15463.0
56.783679748 15477.0
56.790244890 15479.0
56.796810031 15556.0
56.803375172 15497.0
56.809940314 15551.0
56.816505455 15329.0
56.823070596 15558.0
56.829635738 15614.0
56.836200879 15567.0
56.842766020 15517.0
56.849331162 15410.0
56.855896303 15681.0
56.862461444 15654.0
56.869026586 15361.0
56.875591727 15288.0
56.882156868 15251.0
56.888722010 15406.0
56.895287151 15477.0
56.901852292 15764.0
56.908417434 15292.0
56.914982575 15684.0
56.921547716 15233.0
56.928112858 15440.0
56.934677999 15377.0
56.941243140 15310.0
56.947808282 15509.0
56.954373423 15678.0
56.960938565 15566.0
56.967503706 15641.0
56.974068847 15542.0
56.980633989 15415.0
56.987199130 15279.0
56.993764271 15559.0
57.000329413 15498.0
57.006894554 15600.0
57.013459695 15473.0
57.020024837 15361.0
57.026589978 15508.0
57.033155119 15682.0
57.039720261 15415.0
57.046285402 15294.0
57.052850543 15416.0
57.059415685 15519.0
57.065980826 15576.0
57.072545967 15506.0
57.079111109 15342.0
57.085676250 15681.0
57.092241391 15336.0
57.098806533 15604.0
57.105371674 15435.0
57.111936815 15294.0
57.118501957 15353.0
57.125067098 15280.0
57.131632239 15653.0
57.138197381 15678.0
57.144762522 15688.0
57.151327663 15349.0
57.157892805 15538.0
57.164457946 15388.0
57.171023087 15289.0
57.177588229 15574.0
57.184153370 15596.0
57.190718511 15501.0
57.197283653 15622.0
57.203848794 15562.0
57.210413935 15524.0
57.216979077 15525.0
57.223544218 15632.0
57.230109359 15362.0
57.236674501 15414.0
57.243239642 15287.0
57.249804783 15462.0
57.256369925 15791.0
57.262935066 15601.0
57.269500207 15854.0
57.276065349 15364.0
57.282630490 15462.0
57.289195631 15569.0
57.295760773 15276.0
57.302325914 15752.0
57.308891055 15647.0
57.315456197 15497.0
57.322021338 15518.0
57.328586479 15377.0
57.335151621 15461.0
57.341716762 15480.0
57.348281903 15290.0
57.354847045 15405.0
57.361412186 15427.0
57.367977328 15442.0
57.374542469 15485.0
57.381107610 15361.0
57.387672752 15601.0
57.394237893 15471.0
57.400803034 15515.0
57.407368176 15443.0
57.413933317 15534.0
57.420498458 15579.0
57.427063600 15476.0
57.433628741 15224.0
57.440193882 15637.0
57.446759024 15562.0
57.453324165 15528.0
57.459889306 15612.0
57.466454448 15382.0
57.473019589 15420.0
57.479584730 15572.0
57.486149872 15571.0
57.492715013 15491.0
57.499280154 15520.0
57.505845296 15429.0
57.512410437 15496.0
57.518975578 15356.0
57.525540720 15529.0
57.532105861 15593.0
57.538671002 15549.0
57.545236144 15335.0
57.551801285 15726.0
57.558366426 15590.0
57.564931568 15542.0
57.571496709 15578.0
57.578061850 15600.0
57.584626992 15405.0
57.591192133 15531.0
57.597757274 15525.0
57.604322416 15600.0
57.610887557 15640.0
57.617452698 15499.0
57.624017840 15596.0
57.630582981 15562.0
57.637148122 15628.0
57.643713264 15513.0
57.650278405 15463.0
57.656843546 15681.0
57.663408688 15437.0
57.669973829 15730.0
57.676538970 15374.0
57.683104112 15446.0
57.689669253 15397.0
57.696234394 15673.0
57.702799536 15527.0
57.709364677 15477.0
57.715929818 15648.0
57.722494960 15571.0
57.729060101 15544.0
57.735625242 15367.0
57.742190384 15705.0
57.748755525 15488.0
57.755320666 15450.0
57.761885808 15555.0
57.768450949 15446.0
57.775016090 15436.0
57.781581232 15503.0
57.788146373 15596.0
57.794711515 15689.0
57.801276656 15556.0
57.807841797 15659.0
57.814406939 15716.0
57.820972080 15552.0
57.827537221 15461.0
57.834102363 15694.0
57.840667504 15597.0
57.847232645 15688.0
57.853797787 15476.0
57.860362928 15633.0
57.866928069 15546.0
57.873493211 15449.0
57.880058352 15452.0
57.886623493 15453.0
57.893188635 15600.0
57.899753776 15697.0
57.906318917 15481.0
57.912884059 15735.0
57.919449200 15580.0
57.926014341 15409.0
57.932579483 15565.0
57.939144624 15644.0
57.945709765 15621.0
57.952274907 15671.0
57.958840048 15695.0
57.965405189 15503.0
57.971970331 15588.0
57.978535472 15677.0
57.985100613 15622.0
57.991665755 15850.0
57.998230896 15741.0
58.004796037 15803.0
58.011361179 15732.0
58.017926320 15652.0
58.024491461 15963.0
58.031056603 15631.0
58.037621744 15671.0
58.044186885 15616.0
58.050752027 15757.0
58.057317168 15660.0
58.063882309 15677.0
58.070447451 15821.0
58.077012592 15712.0
58.083577733 15567.0
58.090142875 15838.0
58.096708016 15811.0
58.103273157 15716.0
58.109838299 15782.0
58.116403440 15909.0
58.122968581 15684.0
58.129533723 15770.0
58.136098864 15757.0
58.142664005 15812.0
58.149229147 15803.0
58.155794288 15792.0
58.162359429 15661.0
58.168924571 15604.0
58.175489712 15864.0
58.182054853 15629.0
58.188619995 15850.0
58.195185136 15637.0
58.201750277 15848.0
58.208315419 15910.0
58.214880560 16049.0
58.221445702 16078.0
58.228010843 15939.0
58.234575984 16069.0
58.241141126 16038.0
58.247706267 16080.0
58.254271408 16179.0
58.260836550 16217.0
58.267401691 16227.0
58.273966832 16224.0
58.280531974 16067.0
58.287097115 16263.0
58.293662256 15955.0
58.300227398 16119.0
58.306792539 15998.0
58.313357680 16243.0
58.319922822 16239.0
58.326487963 16042.0
58.333053104 16163.0
58.339618246 16411.0
58.346183387 16493.0
58.352748528 16597.0
58.359313670 16692.0
58.365878811 16911.0
58.372443952 16583.0
58.379009094 16871.0
58.385574235 16855.0
58.392139376 17349.0
58.398704518 17337.0
58.405269659 17460.0
58.411834800 17461.0
58.418399942 17619.0
58.424965083 17802.0
58.431530224 18341.0
58.438095366 18267.0
58.444660507 18573.0
58.451225648 18827.0
58.457790790 19201.0
58.464355931 19383.0
58.470921072 19707.0
58.477486214 19757.0
58.484051355 19949.0
58.490616496 19812.0
58.497181638 20056.0
58.503746779 20183.0
58.510311920 20272.0
58.516877062 19994.0
58.523442203 20450.0
58.530007344 20159.0
58.536572486 20113.0
58.543137627 20301.0
58.549702768 20401.0
58.556267910 20160.0
58.562833051 20865.0
58.569398192 20877.0
58.575963334 21003.0
58.582528475 21304.0
58.589093616 21914.0
58.595658758 22362.0
58.602223899 22885.0
58.608789040 23475.0
58.615354182 24017.0
58.621919323 24754.0
58.628484464 25615.0
58.635049606 26418.0
58.641614747 27041.0
58.648179889 27679.0
58.654745030 28841.0
58.661310171 29382.0
58.667875313 30600.0
58.674440454 31414.0
58.681005595 32431.0
58.687570737 32727.0
58.694135878 33729.0
58.700701019 34622.0
58.707266161 34478.0
58.713831302 34760.0
58.720396443 35213.0
58.726961585 35129.0
58.733526726 34954.0
58.740091867 34635.0
58.746657009 34381.0
58.753222150 33682.0
58.759787291 33292.0
58.766352433 32761.0
58.772917574 31696.0
58.779482715 31270.0
58.786047857 30868.0
58.792612998 29987.0
58.799178139 29322.0
58.805743281 29220.0
58.812308422 28835.0
58.818873563 28520.0
58.825438705 28425.0
58.832003846 28373.0
58.838568987 28338.0
58.845134129 28054.0
58.851699270 28064.0
58.858264411 27949.0
58.864829553 27642.0
58.871394694 27705.0
58.877959835 27325.0
58.884524977 27019.0
58.891090118 27068.0
58.897655259 26520.0
58.904220401 25898.0
58.910785542 25411.0
58.917350683 24919.0
58.923915825 24434.0
58.930480966 23745.0
58.937046107 23258.0
58.943611249 22920.0
58.950176390 22352.0
58.956741531 21863.0
58.963306673 21513.0
58.969871814 20955.0
58.976436955 20356.0
58.983002097 20107.0
58.989567238 19589.0
58.996132379 19418.0
59.002697521 18986.0
59.009262662 18543.0
59.015827803 18626.0
59.022392945 18287.0
59.028958086 18036.0
59.035523227 17973.0
59.042088369 17834.0
59.048653510 17663.0
59.055218652 17450.0
59.061783793 17476.0
59.068348934 17238.0
59.074914076 17067.0
59.081479217 16849.0
59.088044358 16788.0
59.094609500 17000.0
59.101174641 16708.0
59.107739782 16634.0
59.114304924 16594.0
59.120870065 16476.0
59.127435206 16447.0
59.134000348 16565.0
59.140565489 16222.0
59.147130630 16248.0
59.153695772 16191.0
59.160260913 16383.0
59.166826054 16059.0
59.173391196 16327.0
59.179956337 16342.0
59.186521478 16112.0
59.193086620 16085.0
59.199651761 15912.0
59.206216902 15965.0
59.212782044 16293.0
59.219347185 16025.0
59.225912326 15902.0
59.232477468 15842.0
59.239042609 15981.0
59.245607750 16076.0
59.252172892 16136.0
59.258738033 15929.0
59.265303174 16174.0
59.271868316 15688.0
59.278433457 15808.0
59.284998598 15857.0
59.291563740 15857.0
59.298128881 15667.0
59.304694022 15805.0
59.311259164 15659.0
59.317824305 15907.0
59.324389446 15671.0
59.330954588 15721.0
59.337519729 15847.0
59.344084870 15615.0
59.350650012 15643.0
59.357215153 15753.0
59.363780294 15865.0
59.370345436 15685.0
59.376910577 15716.0
59.383475718 15710.0
59.390040860 15856.0
59.396606001 15412.0
59.403171142 15723.0
59.409736284 15517.0
59.416301425 15655.0
59.422866566 15584.0
59.429431708 15656.0
59.435996849 15771.0
59.442561990 15739.0
59.449127132 15761.0
59.455692273 15613.0
59.462257414 15615.0
59.468822556 15616.0
59.475387697 15664.0
59.481952839 15583.0
59.488517980 15764.0
59.495083121 15495.0
59.501648263 15746.0
59.508213404 15639.0
59.514778545 15597.0
59.521343687 15648.0
59.527908828 15661.0
59.534473969 15570.0
59.541039111 15807.0
59.547604252 15525.0
59.554169393 15653.0
59.560734535 15461.0
59.567299676 15784.0
59.573864817 15548.0
59.580429959 15592.0
59.586995100 15893.0
59.593560241 15952.0
59.600125383 15614.0
59.606690524 15530.0
59.613255665 15664.0
59.619820807 15668.0
59.626385948 15677.0
59.632951089 15750.0
59.639516231 15694.0
59.646081372 15467.0
59.652646513 15657.0
59.659211655 15593.0
59.665776796 15515.0
59.672341937 15769.0
59.678907079 15507.0
59.685472220 15510.0
59.692037361 15567.0
59.698602503 15591.0
59.705167644 15605.0
59.711732785 15363.0
59.718297927 15536.0
59.724863068 15887.0
59.731428209 15420.0
59.737993351 15644.0
59.744558492 15484.0
59.751123633 15596.0
59.757688775 15679.0
59.764253916 15505.0
59.770819057 15582.0
59.777384199 15407.0
59.783949340 15476.0
59.790514481 15754.0
59.797079623 15520.0
59.803644764 15549.0
59.810209905 15524.0
59.816775047 15532.0
59.823340188 15492.0
59.829905329 15612.0
59.836470471 15395.0
59.843035612 15469.0
59.849600753 15648.0
59.856165895 15561.0
59.862731036 15459.0
59.869296177 15473.0
59.875861319 15839.0
59.882426460 15724.0
59.888991601 15516.0
59.895556743 15552.0
59.902121884 15629.0
59.908687026 15387.0
59.915252167 15701.0
59.921817308 15481.0
59.928382450 15772.0
59.934947591 15648.0
59.941512732 15464.0
59.948077874 15531.0
59.954643015 15566.0
59.961208156 15696.0
59.967773298 15457.0
59.974338439 15412.0
59.980903580 15605.0
59.987468722 15533.0
59.994033863 15568.0
60.000599004 15466.0
60.007164146 15532.0
60.013729287 15490.0
60.020294428 15312.0
60.026859570 15628.0
60.033424711 15453.0
60.039989852 15883.0
60.046554994 15390.0
60.053120135 15403.0
60.059685276 15588.0
60.066250418 15593.0
60.072815559 15555.0
60.079380700 15677.0
60.085945842 15568.0
60.092510983 15509.0
60.099076124 15431.0
60.105641266 15623.0
60.112206407 15376.0
60.118771548 15577.0
60.125336690 15568.0
60.131901831 15535.0
60.138466972 15536.0
60.145032114 15392.0
60.151597255 15497.0
60.158162396 15402.0
60.164727538 15337.0
60.171292679 15629.0
60.177857820 15595.0
60.184422962 15544.0
60.190988103 15495.0
60.197553244 15664.0
60.204118386 15510.0
60.210683527 15369.0
60.217248668 15439.0
60.223813810 15386.0
60.230378951 15304.0
60.236944092 15378.0
60.243509234 15619.0
60.250074375 15577.0
60.256639516 15551.0
60.263204658 15602.0
60.269769799 15683.0
60.276334940 15542.0
60.282900082 15200.0
60.289465223 15709.0
60.296030364 15600.0
60.302595506 15554.0
60.309160647 15256.0
60.315725789 15700.0
60.322290930 15630.0
60.328856071 15591.0
60.335421213 15321.0
60.341986354 15394.0
60.348551495 15530.0
60.355116637 15325.0
60.361681778 15558.0
60.368246919 15532.0
60.374812061 15638.0
60.381377202 15609.0
60.387942343 15424.0
60.394507485 15528.0
60.401072626 15556.0
60.407637767 15437.0
60.414202909 15319.0
60.420768050 15534.0
60.427333191 15278.0
60.433898333 15530.0
60.440463474 15530.0
60.447028615 15364.0
60.453593757 15625.0
60.460158898 15569.0
60.466724039 15308.0
60.473289181 15482.0
60.479854322 15461.0
60.486419463 15441.0
60.492984605 15299.0
60.499549746 15558.0
60.506114887 15230.0
60.512680029 15641.0
60.519245170 15620.0
60.525810311 15339.0
60.532375453 15358.0
60.538940594 15734.0
60.545505735 15592.0
60.552070877 15429.0
60.558636018 15612.0
60.565201159 15542.0
60.571766301 15480.0
60.578331442 15449.0
60.584896583 15409.0
60.591461725 15438.0
60.598026866 15475.0
60.604592007 15569.0
60.611157149 15535.0
60.617722290 15553.0
60.624287431 15501.0
60.630852573 15296.0
60.637417714 15395.0
60.643982855 15281.0
60.650547997 15544.0
60.657113138 15275.0
60.663678279 15519.0
60.670243421 15536.0
60.676808562 15564.0
60.683373703 15293.0
60.689938845 15541.0
60.696503986 15476.0
60.703069127 15641.0
60.709634269 15410.0
60.716199410 15411.0
60.722764551 15471.0
60.729329693 15338.0
60.735894834 15490.0
60.742459976 15521.0
60.749025117 15577.0
60.755590258 15266.0
60.762155400 15459.0
60.768720541 15369.0
60.775285682 15389.0
60.781850824 15356.0
60.788415965 15425.0
60.794981106 15550.0
60.801546248 15541.0
60.808111389 15622.0
60.814676530 15617.0
60.821241672 15468.0
60.827806813 15418.0
60.834371954 15583.0
60.840937096 15640.0
60.847502237 15300.0
60.854067378 15555.0
60.860632520 15694.0
60.867197661 15592.0
60.873762802 15324.0
60.880327944 15380.0
60.886893085 15256.0
60.893458226 15500.0
60.900023368 15650.0
60.906588509 15631.0
60.913153650 15401.0
60.919718792 15415.0
60.926283933 15512.0
60.932849074 15566.0
60.939414216 15369.0
60.945979357 15481.0
60.952544498 15559.0
60.959109640 15319.0
60.965674781 15371.0
60.972239922 15491.0
60.978805064 15433.0
60.985370205 15457.0
60.991935346 15370.0
60.998500488 15336.0
61.005065629 15399.0
61.011630770 15474.0
61.018195912 15379.0
61.024761053 15595.0
61.031326194 15545.0
61.037891336 15499.0
61.044456477 15702.0
61.051021618 15388.0
61.057586760 15509.0
61.064151901 15581.0
61.070717042 15119.0
61.077282184 15440.0
61.083847325 15301.0
61.090412466 15573.0
61.096977608 15351.0
61.103542749 15553.0
61.110107890 15274.0
61.116673032 15467.0
61.123238173 15779.0
61.129803314 15417.0
61.136368456 15673.0
61.142933597 15496.0
61.149498738 15356.0
61.156063880 15477.0
61.162629021 15510.0
61.169194163 15518.0
61.175759304 15231.0
61.182324445 15647.0
61.188889587 15621.0
61.195454728 15369.0
61.202019869 15315.0
61.208585011 15316.0
61.215150152 15381.0
61.221715293 15298.0
61.228280435 15235.0
61.234845576 15453.0
61.241410717 15436.0
61.247975859 15336.0
61.254541000 15437.0
61.261106141 15572.0
61.267671283 15444.0
61.274236424 15459.0
61.280801565 15514.0
61.287366707 15492.0
61.293931848 15469.0
61.300496989 15423.0
61.307062131 15467.0
61.313627272 15356.0
61.320192413 15533.0
61.326757555 15477.0
61.333322696 15578.0
61.339887837 15569.0
61.346452979 15622.0
61.353018120 15533.0
61.359583261 15339.0
61.366148403 15260.0
61.372713544 15336.0
61.379278685 15455.0
61.385843827 15484.0
61.392408968 15554.0
61.398974109 15476.0
61.405539251 15316.0
61.412104392 15255.0
61.418669533 15324.0
61.425234675 15305.0
61.431799816 15488.0
61.438364957 15259.0
61.444930099 15626.0
61.451495240 15650.0
61.458060381 15587.0
61.464625523 15497.0
61.471190664 15521.0
61.477755805 15332.0
61.484320947 15304.0
61.490886088 15538.0
61.497451229 15504.0
61.504016371 15476.0
61.510581512 15542.0
61.517146653 15312.0
61.523711795 15590.0
61.530276936 15525.0
61.536842077 15481.0
61.543407219 15494.0
61.549972360 15490.0
61.556537501 15555.0
61.563102643 15396.0
61.569667784 15557.0
61.576232925 15695.0
61.582798067 15494.0
61.589363208 15758.0
61.595928350 15322.0
61.602493491 15530.0
61.609058632 15441.0
61.615623774 15490.0
61.622188915 15362.0
61.628754056 15469.0
61.635319198 15512.0
61.641884339 15426.0
61.648449480 15439.0
61.655014622 15693.0
61.661579763 15415.0
61.668144904 15483.0
61.674710046 15502.0
61.681275187 15357.0
61.687840328 15358.0
61.694405470 15326.0
61.700970611 15634.0
61.707535752 15225.0
61.714100894 15409.0
61.720666035 15647.0
61.727231176 15492.0
61.733796318 15509.0
61.740361459 15508.0
61.746926600 15456.0
61.753491742 15405.0
61.760056883 15597.0
61.766622024 15427.0
61.773187166 15474.0
61.779752307 15624.0
61.786317448 15628.0
61.792882590 15463.0
61.799447731 15658.0
61.806012872 15631.0
61.812578014 15688.0
61.819143155 15546.0
61.825708296 15548.0
61.832273438 15609.0
61.838838579 15396.0
61.845403720 15502.0
61.851968862 15382.0
61.858534003 15539.0
61.865099144 15502.0
61.871664286 15663.0
61.878229427 15477.0
61.884794568 15495.0
61.891359710 15574.0
61.897924851 15621.0
61.904489992 15178.0
61.911055134 15616.0
61.917620275 15520.0
61.924185416 15508.0
61.930750558 15646.0
61.937315699 15712.0
61.943880840 15674.0
61.950445982 15314.0
61.957011123 15301.0
61.963576264 15409.0
61.970141406 15663.0
61.976706547 15614.0
61.983271688 15421.0
61.989836830 15550.0
61.996401971 15490.0
62.002967113 15649.0
62.009532254 15653.0
62.016097395 15414.0
62.022662537 15321.0
62.029227678 15616.0
62.035792819 15691.0
62.042357961 15468.0
62.048923102 15489.0
62.055488243 15569.0
62.062053385 15490.0
62.068618526 15480.0
62.075183667 15514.0
62.081748809 15658.0
62.088313950 15461.0
62.094879091 15375.0
62.101444233 15476.0
62.108009374 15390.0
62.114574515 15387.0
62.121139657 15437.0
62.127704798 15484.0
62.134269939 15417.0
62.140835081 15416.0
62.147400222 15559.0
62.153965363 15553.0
62.160530505 15445.0
62.167095646 15436.0
62.173660787 15455.0
62.180225929 15539.0
62.186791070 15497.0
62.193356211 15439.0
62.199921353 15532.0
62.206486494 15307.0
62.213051635 15635.0
62.219616777 15662.0
62.226181918 15515.0
62.232747059 15448.0
62.239312201 15353.0
62.245877342 15684.0
62.252442483 15723.0
62.259007625 15822.0
62.265572766 15282.0
62.272137907 15588.0
62.278703049 15256.0
62.285268190 15639.0
62.291833331 15665.0
62.298398473 15649.0
62.304963614 15452.0
62.311528755 15467.0
62.318093897 15695.0
62.324659038 15648.0
62.331224179 15712.0
62.337789321 15639.0
62.344354462 15556.0
62.350919603 15654.0
62.357484745 15422.0
62.364049886 15326.0
62.370615027 15790.0
62.377180169 15627.0
62.383745310 15570.0
62.390310451 15669.0
62.396875593 15400.0
62.403440734 15654.0
62.410005875 15366.0
62.416571017 15364.0
62.423136158 15574.0
62.429701300 15518.0
62.436266441 15409.0
62.442831582 15774.0
62.449396724 15604.0
62.455961865 15509.0
62.462527006 15684.0
62.469092148 15636.0
62.475657289 15567.0
62.482222430 15456.0
62.488787572 15699.0
62.495352713 15532.0
62.501917854 15602.0
62.508482996 15288.0
62.515048137 15540.0
62.521613278 15560.0
62.528178420 15417.0
62.534743561 15513.0
62.541308702 15613.0
62.547873844 15734.0
62.554438985 15613.0
62.561004126 15564.0
62.567569268 15447.0
62.574134409 15378.0
62.580699550 15449.0
62.587264692 15292.0
62.593829833 15456.0
62.600394974 15527.0
62.606960116 15629.0
62.613525257 15517.0
62.620090398 15563.0
62.626655540 15554.0
62.633220681 15774.0
62.639785822 15374.0
62.646350964 15532.0
62.652916105 15483.0
62.659481246 15499.0
62.666046388 15702.0
62.672611529 15512.0
62.679176670 15623.0
62.685741812 15614.0
62.692306953 15685.0
62.698872094 15703.0
62.705437236 15451.0
62.712002377 15544.0
62.718567518 15699.0
62.725132660 15520.0
62.731697801 15765.0
62.738262942 15517.0
62.744828084 15755.0
62.751393225 15512.0
62.757958366 15439.0
62.764523508 15497.0
62.771088649 15420.0
62.777653790 15610.0
62.784218932 15647.0
62.790784073 15622.0
62.797349214 15524.0
62.803914356 15485.0
62.810479497 15510.0
62.817044638 15673.0
62.823609780 15630.0
62.830174921 15742.0
62.836740062 15719.0
62.843305204 15538.0
62.849870345 15568.0
62.856435487 15597.0
62.863000628 15342.0
62.869565769 15474.0
62.876130911 15417.0
62.882696052 15593.0
62.889261193 15592.0
62.895826335 15528.0
62.902391476 15673.0
62.908956617 15762.0
62.915521759 15502.0
62.922086900 15502.0
62.928652041 15506.0
62.935217183 15598.0
62.941782324 15923.0
62.948347465 15701.0
62.954912607 15702.0
62.961477748 15200.0
62.968042889 15535.0
62.974608031 15629.0
62.981173172 15669.0
62.987738313 15633.0
62.994303455 15546.0
63.000868596 15746.0
63.007433737 15655.0
63.013998879 15562.0
63.020564020 15686.0
63.027129161 15689.0
63.033694303 15674.0
63.040259444 15483.0
63.046824585 15588.0
63.053389727 15838.0
63.059954868 15911.0
63.066520009 15659.0
63.073085151 15692.0
63.079650292 15572.0
63.086215433 15472.0
63.092780575 15617.0
63.099345716 15428.0
63.105910857 15655.0
63.112475999 15652.0
63.119041140 15570.0
63.125606281 15634.0
63.132171423 15883.0
63.138736564 15712.0
63.145301705 15546.0
63.151866847 15771.0
63.158431988 15709.0
63.164997129 15429.0
63.171562271 15708.0
63.178127412 15624.0
63.184692553 15582.0
63.191257695 15717.0
63.197822836 15727.0
63.204387977 15432.0
63.210953119 15471.0
63.217518260 15767.0
63.224083401 15700.0
63.230648543 15606.0
63.237213684 15748.0
63.243778825 15694.0
63.250343967 15611.0
63.256909108 15806.0
63.263474250 15634.0
63.270039391 15717.0
63.276604532 15789.0
63.283169674 15604.0
63.289734815 15602.0
63.296299956 15651.0
63.302865098 15610.0
63.309430239 15502.0
63.315995380 15712.0
63.322560522 15792.0
63.329125663 15373.0
63.335690804 15853.0
63.342255946 15692.0
63.348821087 15711.0
63.355386228 15687.0
63.361951370 15614.0
63.368516511 15876.0
63.375081652 15627.0
63.381646794 15598.0
63.388211935 15714.0
63.394777076 15647.0
63.401342218 15400.0
63.407907359 15582.0
63.414472500 15699.0
63.421037642 15487.0
63.427602783 15460.0
63.434167924 15621.0
63.440733066 15936.0
63.447298207 15929.0
63.453863348 15889.0
63.460428490 15704.0
63.466993631 15594.0
63.473558772 15509.0
63.480123914 15593.0
63.486689055 15617.0
63.493254196 15755.0
63.499819338 15648.0
63.506384479 15892.0
63.512949620 15590.0
63.519514762 15823.0
63.526079903 15629.0
63.532645044 15723.0
63.539210186 15604.0
63.545775327 15666.0
63.552340468 15815.0
63.558905610 15530.0
63.565470751 15591.0
63.572035892 15632.0
63.578601034 15810.0
63.585166175 15740.0
63.591731316 15610.0
63.598296458 15940.0
63.604861599 15750.0
63.611426740 15667.0
63.617991882 15831.0
63.624557023 15928.0
63.631122164 16179.0
63.637687306 15748.0
63.644252447 15831.0
63.650817588 15587.0
63.657382730 15708.0
63.663947871 15755.0
63.670513012 15724.0
63.677078154 15825.0
63.683643295 15776.0
63.690208437 15647.0
63.696773578 15784.0
63.703338719 15987.0
63.709903861 15922.0
63.716469002 15667.0
63.723034143 15761.0
63.729599285 15722.0
63.736164426 15940.0
63.742729567 15939.0
63.749294709 16067.0
63.755859850 15888.0
63.762424991 15912.0
63.768990133 15989.0
63.775555274 15834.0
63.782120415 16029.0
63.788685557 15678.0
63.795250698 15793.0
63.801815839 15720.0
63.808380981 15874.0
63.814946122 15937.0
63.821511263 15837.0
63.828076405 15842.0
63.834641546 16145.0
63.841206687 15964.0
63.847771829 15996.0
63.854336970 15861.0
63.860902111 15948.0
63.867467253 16110.0
63.874032394 15887.0
63.880597535 15747.0
63.887162677 15905.0
63.893727818 16022.0
63.900292959 16156.0
63.906858101 15855.0
63.913423242 15946.0
63.919988383 16048.0
63.926553525 15948.0
63.933118666 16291.0
63.939683807 15942.0
63.946248949 15991.0
63.952814090 16312.0
63.959379231 15833.0
63.965944373 15921.0
63.972509514 16086.0
63.979074655 16342.0
63.985639797 16304.0
63.992204938 16252.0
63.998770079 16392.0
64.005335221 16042.0
64.011900362 16198.0
64.018465503 16049.0
64.025030645 16224.0
64.031595786 16367.0
64.038160927 16442.0
64.044726069 16330.0
64.051291210 16379.0
64.057856351 16306.0
64.064421493 16452.0
64.070986634 16661.0
64.077551775 16616.0
64.084116917 16432.0
64.090682058 16514.0
64.097247199 16387.0
64.103812341 16606.0
64.110377482 16557.0
64.116942624 16550.0
64.123507765 16857.0
64.130072906 16943.0
64.136638048 16801.0
64.143203189 17044.0
64.149768330 17006.0
64.156333472 16673.0
64.162898613 16733.0
64.169463754 17155.0
64.176028896 17145.0
64.182594037 17311.0
64.189159178 17364.0
64.195724320 17397.0
64.202289461 17401.0
64.208854602 17443.0
64.215419744 17511.0
64.221984885 17646.0
64.228550026 17862.0
64.235115168 17933.0
64.241680309 18027.0
64.248245450 18015.0
64.254810592 18173.0
64.261375733 18358.0
64.267940874 18482.0
64.274506016 18800.0
64.281071157 19038.0
64.287636298 19338.0
64.294201440 19547.0
64.300766581 19640.0
64.307331722 20006.0
64.313896864 20198.0
64.320462005 20625.0
64.327027146 21062.0
64.333592288 21356.0
64.340157429 22265.0
64.346722570 22641.0
64.353287712 23416.0
64.359852853 23820.0
64.366417994 25032.0
64.372983136 25808.0
64.379548277 26497.0
64.386113418 27386.0
64.392678560 28537.0
64.399243701 29887.0
64.405808842 31238.0
64.412373984 32415.0
64.418939125 33684.0
64.425504266 35395.0
64.432069408 36728.0
64.438634549 37947.0
64.445199690 39106.0
64.451764832 40630.0
64.458329973 41270.0
64.464895114 42530.0
64.471460256 43271.0
64.478025397 43557.0
64.484590538 43967.0
64.491155680 43762.0
64.497720821 42948.0
64.504285962 42333.0
64.510851104 41847.0
64.517416245 40211.0
64.523981386 39623.0
64.530546528 38492.0
64.537111669 37683.0
64.543676811 36759.0
64.550241952 35412.0
64.556807093 34698.0
64.563372235 34367.0
64.569937376 33627.0
64.576502517 32736.0
64.583067659 32849.0
64.589632800 32193.0
64.596197941 32561.0
64.602763083 32291.0
64.609328224 32695.0
64.615893365 32768.0
64.622458507 32820.0
64.629023648 32922.0
64.635588789 33181.0
64.642153931 33266.0
64.648719072 33418.0
64.655284213 33498.0
64.661849355 33158.0
64.668414496 33125.0
64.674979637 32769.0
64.681544779 32557.0
64.688109920 31901.0
64.694675061 31311.0
64.701240203 30855.0
64.707805344 30075.0
64.714370485 29322.0
64.720935627 29292.0
64.727500768 28270.0
64.734065909 27878.0
64.740631051 27601.0
64.747196192 27564.0
64.753761333 27096.0
64.760326475 27245.0
64.766891616 27045.0
64.773456757 27069.0
64.780021899 27386.0
64.786587040 27623.0
64.793152181 28413.0
64.799717323 28442.0
64.806282464 29034.0
64.812847605 30105.0
64.819412747 30821.0
64.825977888 31977.0
64.832543029 33314.0
64.839108171 34004.0
64.845673312 35522.0
64.852238453 36889.0
64.858803595 38605.0
64.865368736 39581.0
64.871933877 40524.0
64.878499019 42042.0
64.885064160 43315.0
64.891629301 44004.0
64.898194443 44780.0
64.904759584 45285.0
64.911324725 45790.0
64.917889867 46060.0
64.924455008 45250.0
64.931020149 45221.0
64.937585291 44640.0
64.944150432 43620.0
64.950715574 42287.0
64.957280715 41512.0
64.963845856 40335.0
64.970410998 39120.0
64.976976139 38005.0
64.983541280 36724.0
64.990106422 36334.0
64.996671563 35283.0
65.003236704 34878.0
65.009801846 34026.0
65.016366987 33469.0
65.022932128 33239.0
65.029497270 32525.0
65.036062411 32758.0
65.042627552 32819.0
65.049192694 32561.0
65.055757835 32633.0
65.062322976 33185.0
65.068888118 32864.0
65.075453259 32994.0
65.082018400 32804.0
65.088583542 32658.0
65.095148683 32467.0
65.101713824 32014.0
65.108278966 31549.0
65.114844107 31151.0
65.121409248 30443.0
65.127974390 29512.0
65.134539531 29171.0
65.141104672 28299.0
65.147669814 27569.0
65.154234955 26662.0
65.160800096 25855.0
65.167365238 24828.0
65.173930379 24239.0
65.180495520 23665.0
65.187060662 22798.0
65.193625803 22323.0
65.200190944 21588.0
65.206756086 21267.0
65.213321227 20880.0
65.219886368 20028.0
65.226451510 19892.0
65.233016651 19448.0
65.239581792 19320.0
65.246146934 19040.0
65.252712075 18846.0
65.259277216 18557.0
65.265842358 18235.0
65.272407499 17904.0
65.278972640 17843.0
65.285537782 17730.0
65.292102923 17887.0
65.298668064 17415.0
65.305233206 17340.0
65.311798347 17341.0
65.318363488 17308.0
65.324928630 17243.0
65.331493771 16750.0
65.338058912 16912.0
65.344624054 16769.0
65.351189195 16790.0
65.357754336 16800.0
65.364319478 16436.0
65.370884619 16451.0
65.377449761 16204.0
65.384014902 16622.0
65.390580043 16606.0
65.397145185 16521.0
65.403710326 16424.0
65.410275467 16276.0
65.416840609 16418.0
65.423405750 16335.0
65.429970891 16202.0
65.436536033 16290.0
65.443101174 16216.0
65.449666315 16395.0
65.456231457 16014.0
65.462796598 16356.0
65.469361739 16277.0
65.475926881 16137.0
65.482492022 15970.0
65.489057163 16143.0
65.495622305 15923.0
65.502187446 15932.0
65.508752587 16161.0
65.515317729 16072.0
65.521882870 16311.0
65.528448011 15974.0
65.535013153 16130.0
65.541578294 15995.0
65.548143435 16082.0
65.554708577 16210.0
65.561273718 16138.0
65.567838859 15862.0
65.574404001 15724.0
65.580969142 16024.0
65.587534283 16052.0
65.594099425 15745.0
65.600664566 16057.0
65.607229707 16112.0
65.613794849 15860.0
65.620359990 15995.0
65.626925131 15858.0
65.633490273 15746.0
65.640055414 15900.0
65.646620555 15841.0
65.653185697 15819.0
65.659750838 15784.0
65.666315979 15910.0
65.672881121 15919.0
65.679446262 15819.0
65.686011403 15754.0
65.692576545 15644.0
65.699141686 15825.0
65.705706827 15984.0
65.712271969 15967.0
65.718837110 15904.0
65.725402251 15849.0
65.731967393 15825.0
65.738532534 15775.0
65.745097675 15762.0
65.751662817 15904.0
65.758227958 15491.0
65.764793099 15674.0
65.771358241 15831.0
65.777923382 15692.0
65.784488523 15683.0
65.791053665 15768.0
65.797618806 15693.0
65.804183948 15761.0
65.810749089 15724.0
65.817314230 15715.0
65.823879372 15637.0
65.830444513 15712.0
65.837009654 15538.0
65.843574796 15808.0
65.850139937 15997.0
65.856705078 15633.0
65.863270220 15768.0
65.869835361 15738.0
65.876400502 15569.0
65.882965644 15751.0
65.889530785 15862.0
65.896095926 16046.0
65.902661068 15535.0
65.909226209 15912.0
65.915791350 15717.0
65.922356492 15586.0
65.928921633 15728.0
65.935486774 15558.0
65.942051916 15815.0
65.948617057 15734.0
65.955182198 15552.0
65.961747340 15772.0
65.968312481 15599.0
65.974877622 15831.0
65.981442764 15850.0
65.988007905 15418.0
65.994573046 15846.0
66.001138188 15685.0
66.007703329 15749.0
66.014268470 15968.0
66.020833612 15649.0
66.027398753 15562.0
66.033963894 15748.0
66.040529036 15531.0
66.047094177 15674.0
66.053659318 15662.0
66.060224460 15877.0
66.066789601 15537.0
66.073354742 15703.0
66.079919884 15490.0
66.086485025 15734.0
66.093050166 15739.0
66.099615308 15707.0
66.106180449 16081.0
66.112745590 15520.0
66.119310732 15669.0
66.125875873 15797.0
66.132441014 15777.0
66.139006156 15466.0
66.145571297 15650.0
66.152136438 15622.0
66.158701580 15400.0
66.165266721 15574.0
66.171831862 15741.0
66.178397004 15607.0
66.184962145 15589.0
66.191527286 15868.0
66.198092428 15774.0
66.204657569 15738.0
66.211222711 15803.0
66.217787852 15585.0
66.224352993 15691.0
66.230918135 15878.0
66.237483276 15629.0
66.244048417 15601.0
66.250613559 15746.0
66.257178700 15809.0
66.263743841 15765.0
66.270308983 15357.0
66.276874124 15547.0
66.283439265 15596.0
66.290004407 15381.0
66.296569548 15700.0
66.303134689 15815.0
66.309699831 15607.0
66.316264972 15867.0
66.322830113 15742.0
66.329395255 15710.0
66.335960396 15749.0
66.342525537 15456.0
66.349090679 15642.0
66.355655820 15707.0
66.362220961 15691.0
66.368786103 15682.0
66.375351244 15660.0
66.381916385 15933.0
66.388481527 15589.0
66.395046668 15654.0
66.401611809 15785.0
66.408176951 15405.0
66.414742092 15472.0
66.421307233 15490.0
66.427872375 15584.0
66.434437516 15399.0
66.441002657 15580.0
66.447567799 15567.0
66.454132940 15578.0
66.460698081 15390.0
66.467263223 15651.0
66.473828364 15567.0
66.480393505 15598.0
66.486958647 15661.0
66.493523788 15529.0
66.500088929 15714.0
66.506654071 15321.0
66.513219212 15663.0
66.519784353 15646.0
66.526349495 15626.0
66.532914636 15586.0
66.539479777 15666.0
66.546044919 15539.0
66.552610060 15762.0
66.559175201 15638.0
66.565740343 15820.0
66.572305484 15538.0
66.578870625 15669.0
66.585435767 15605.0
66.592000908 15403.0
66.598566049 15356.0
66.605131191 15465.0
66.611696332 15705.0
66.618261473 15717.0
66.624826615 15431.0
66.631391756 15806.0
66.637956898 15652.0
66.644522039 15461.0
66.651087180 15597.0
66.657652322 15439.0
66.664217463 15640.0
66.670782604 15666.0
66.677347746 15501.0
66.683912887 15386.0
66.690478028 15588.0
66.697043170 15449.0
66.703608311 15514.0
66.710173452 15349.0
66.716738594 15652.0
66.723303735 15665.0
66.729868876 15474.0
66.736434018 15647.0
66.742999159 15486.0
66.749564300 15805.0
66.756129442 15367.0
66.762694583 15540.0
66.769259724 15363.0
66.775824866 15755.0
66.782390007 15605.0
66.788955148 15632.0
66.795520290 15578.0
66.802085431 15759.0
66.808650572 15501.0
66.815215714 15496.0
66.821780855 15705.0
66.828345996 15568.0
66.834911138 15460.0
66.841476279 15687.0
66.848041420 15784.0
66.854606562 15520.0
66.861171703 15628.0
66.867736844 15696.0
66.874301986 15651.0
66.880867127 15614.0
66.887432268 15536.0
66.893997410 15400.0
66.900562551 15597.0
66.907127692 15752.0
66.913692834 15592.0
66.920257975 15544.0
66.926823116 15723.0
66.933388258 15719.0
66.939953399 15587.0
66.946518540 15625.0
66.953083682 15629.0
66.959648823 15456.0
66.966213964 15607.0
66.972779106 15528.0
66.979344247 15819.0
66.985909388 15458.0
66.992474530 15490.0
66.999039671 15422.0
67.005604812 15709.0
67.012169954 15567.0
67.018735095 15383.0
67.025300236 15755.0
67.031865378 15556.0
67.038430519 15508.0
67.044995660 15728.0
67.051560802 15385.0
67.058125943 15790.0
67.064691085 15437.0
67.071256226 15622.0
67.077821367 15597.0
67.084386509 15426.0
67.090951650 15558.0
67.097516791 15497.0
67.104081933 15521.0
67.110647074 15540.0
67.117212215 15526.0
67.123777357 15834.0
67.130342498 15661.0
67.136907639 15482.0
67.143472781 15630.0
67.150037922 15570.0
67.156603063 15582.0
67.163168205 15567.0
67.169733346 15717.0
67.176298487 15641.0
67.182863629 15722.0
67.189428770 15408.0
67.195993911 15677.0
67.202559053 15541.0
67.209124194 15757.0
67.215689335 15423.0
67.222254477 15401.0
67.228819618 15768.0
67.235384759 15511.0
67.241949901 15301.0
67.248515042 15509.0
67.255080183 15488.0
67.261645325 15720.0
67.268210466 15583.0
67.274775607 15424.0
67.281340749 15508.0
67.287905890 15526.0
67.294471031 15698.0
67.301036173 15615.0
67.307601314 15499.0
67.314166455 15626.0
67.320731597 15631.0
67.327296738 15528.0
67.333861879 15733.0
67.340427021 15769.0
67.346992162 15988.0
67.353557303 15550.0
67.360122445 15566.0
67.366687586 15457.0
67.373252727 15852.0
67.379817869 15703.0
67.386383010 15608.0
67.392948151 15569.0
67.399513293 15681.0
67.406078434 15774.0
67.412643575 15636.0
67.419208717 15592.0
67.425773858 15579.0
67.432338999 15530.0
67.438904141 15811.0
67.445469282 15500.0
67.452034423 15717.0
67.458599565 15672.0
67.465164706 15448.0
67.471729848 15664.0
67.478294989 15502.0
67.484860130 15756.0
67.491425272 15577.0
67.497990413 15678.0
67.504555554 15479.0
67.511120696 15462.0
67.517685837 15555.0
67.524250978 15675.0
67.530816120 15487.0
67.537381261 15675.0
67.543946402 15732.0
67.550511544 15642.0
67.557076685 15864.0
67.563641826 15686.0
67.570206968 15731.0
67.576772109 15637.0
67.583337250 15656.0
67.589902392 15532.0
67.596467533 15806.0
67.603032674 15830.0
67.609597816 15881.0
67.616162957 15518.0
67.622728098 15562.0
67.629293240 15589.0
67.635858381 15782.0
67.642423522 15683.0
67.648988664 15941.0
67.655553805 15860.0
67.662118946 15734.0
67.668684088 15806.0
67.675249229 15850.0
67.681814370 15853.0
67.688379512 15870.0
67.694944653 15468.0
67.701509794 15885.0
67.708074936 15683.0
67.714640077 15882.0
67.721205218 15803.0
67.727770360 15960.0
67.734335501 16032.0
67.740900642 15767.0
67.747465784 15882.0
67.754030925 15846.0
67.760596066 15862.0
67.767161208 15951.0
67.773726349 15962.0
67.780291490 15941.0
67.786856632 15958.0
67.793421773 15960.0
67.799986914 15956.0
67.806552056 16175.0
67.813117197 16059.0
67.819682338 16195.0
67.826247480 15941.0
67.832812621 16225.0
67.839377762 15874.0
67.845942904 15998.0
67.852508045 15968.0
67.859073186 15977.0
67.865638328 16478.0
67.872203469 16394.0
67.878768610 16395.0
67.885333752 16421.0
67.891898893 16383.0
67.898464035 16311.0
67.905029176 16595.0
67.911594317 16368.0
67.918159459 16500.0
67.924724600 16363.0
67.931289741 16506.0
67.937854883 16518.0
67.944420024 16441.0
67.950985165 16790.0
67.957550307 16771.0
67.964115448 16859.0
67.970680589 16858.0
67.977245731 16972.0
67.983810872 16838.0
67.990376013 17134.0
67.996941155 17089.0
68.003506296 17209.0
68.010071437 17456.0
68.016636579 17409.0
68.023201720 17679.0
68.029766861 18004.0
68.036332003 18048.0
68.042897144 18196.0
68.049462285 18342.0
68.056027427 18824.0
68.062592568 18776.0
68.069157709 19055.0
68.075722851 19404.0
68.082287992 19773.0
68.088853133 20156.0
68.095418275 20722.0
68.101983416 21030.0
68.108548557 21707.0
68.115113699 21909.0
68.121678840 22841.0
68.128243981 23327.0
68.134809123 24029.0
68.141374264 24656.0
68.147939405 25464.0
68.154504547 26301.0
68.161069688 26963.0
68.167634829 27597.0
68.174199971 28139.0
68.180765112 29460.0
68.187330253 29901.0
68.193895395 30872.0
68.200460536 31523.0
68.207025677 31611.0
68.213590819 32145.0
68.220155960 32436.0
68.226721101 32298.0
68.233286243 32468.0
68.239851384 32122.0
68.246416525 31710.0
68.252981667 31294.0
68.259546808 31221.0
68.266111949 30604.0
68.272677091 30068.0
68.279242232 29752.0
68.285807373 28818.0
68.292372515 28354.0
68.298937656 27727.0
68.305502797 27181.0
68.312067939 27104.0
68.318633080 26581.0
68.325198222 26435.0
68.331763363 25906.0
68.338328504 25832.0
68.344893646 25561.0
68.351458787 25541.0
68.358023928 25812.0
68.364589070 25566.0
68.371154211 25768.0
68.377719352 25468.0
68.384284494 25557.0
68.390849635 25508.0
68.397414776 25552.0
68.403979918 25567.0
68.410545059 25363.0
68.417110200 25268.0
68.423675342 25348.0
68.430240483 24720.0
68.436805624 24794.0
68.443370766 24097.0
68.449935907 24014.0
68.456501048 23736.0
68.463066190 22908.0
68.469631331 22741.0
68.476196472 22435.0
68.482761614 21904.0
68.489326755 21442.0
68.495891896 21135.0
68.502457038 20506.0
68.509022179 20127.0
68.515587320 20029.0
68.522152462 19538.0
68.528717603 19318.0
68.535282744 18960.0
68.541847886 18683.0
68.548413027 18543.0
68.554978168 18130.0
68.561543310 17870.0
68.568108451 18030.0
68.574673592 17729.0
68.581238734 17409.0
68.587803875 17172.0
68.594369016 17194.0
68.600934158 17058.0
68.607499299 16976.0
68.614064440 16805.0
68.620629582 16978.0
68.627194723 16860.0
68.633759864 16724.0
68.640325006 16386.0
68.646890147 16410.0
68.653455288 16660.0
68.660020430 16286.0
68.666585571 16429.0
68.673150712 16223.0
68.679715854 16389.0
68.686280995 16200.0
68.692846136 16154.0
68.699411278 16395.0
68.705976419 15948.0
68.712541560 16026.0
68.719106702 16133.0
68.725671843 15962.0
68.732236984 16056.0
68.738802126 15836.0
68.745367267 15996.0
68.751932409 16049.0
68.758497550 15811.0
68.765062691 15970.0
68.771627833 16114.0
68.778192974 15818.0
68.784758115 16056.0
68.791323257 15842.0
68.797888398 15802.0
68.804453539 15695.0
68.811018681 15755.0
68.817583822 15547.0
68.824148963 15734.0
68.830714105 15870.0
68.837279246 15602.0
68.843844387 15790.0
68.850409529 15738.0
68.856974670 15822.0
68.863539811 15672.0
68.870104953 15759.0
68.876670094 15544.0
68.883235235 15678.0
68.889800377 15641.0
68.896365518 15756.0
68.902930659 15916.0
68.909495801 15904.0
68.916060942 15788.0
68.922626083 15738.0
68.929191225 15598.0
68.935756366 15383.0
68.942321507 15739.0
68.948886649 15587.0
68.955451790 15645.0
68.962016931 15579.0
68.968582073 15754.0
68.975147214 15709.0
68.981712355 15722.0
68.988277497 15565.0
68.994842638 15813.0
69.001407779 15578.0
69.007972921 15602.0
69.014538062 15690.0
69.021103203 15765.0
69.027668345 15674.0
69.034233486 15566.0
69.040798627 15623.0
69.047363769 15369.0
69.053928910 15597.0
69.060494051 15429.0
69.067059193 15861.0
69.073624334 15558.0
69.080189475 15489.0
69.086754617 15550.0
69.093319758 15620.0
69.099884899 15526.0
69.106450041 15531.0
69.113015182 15634.0
69.119580323 15694.0
69.126145465 15605.0
69.132710606 15602.0
69.139275747 15446.0
69.145840889 15217.0
69.152406030 15539.0
69.158971172 15571.0
69.165536313 15663.0
69.172101454 15850.0
69.178666596 15463.0
69.185231737 15350.0
69.191796878 15635.0
69.198362020 15593.0
69.204927161 15399.0
69.211492302 15656.0
69.218057444 15836.0
69.224622585 15705.0
69.231187726 15743.0
69.237752868 15641.0
69.244318009 15618.0
69.250883150 15602.0
69.257448292 15475.0
69.264013433 15324.0
69.270578574 15437.0
69.277143716 15669.0
69.283708857 15489.0
69.290273998 15563.0
69.296839140 15767.0
69.303404281 15449.0
69.309969422 15647.0
69.316534564 15332.0
69.323099705 15433.0
69.329664846 15547.0
69.336229988 15438.0
69.342795129 15706.0
69.349360270 15753.0
69.355925412 15478.0
69.362490553 15531.0
69.369055694 15610.0
69.375620836 15500.0
69.382185977 15657.0
69.388751118 15214.0
69.395316260 15413.0
69.401881401 15520.0
69.408446542 15433.0
69.415011684 15507.0
69.421576825 15550.0
69.428141966 15458.0
69.434707108 15328.0
69.441272249 15702.0
69.447837390 15458.0
69.454402532 15216.0
69.460967673 15599.0
69.467532814 15529.0
69.474097956 15447.0
69.480663097 15278.0
69.487228238 15412.0
69.493793380 15275.0
69.500358521 15516.0
69.506923662 15455.0
69.513488804 15511.0
69.520053945 15727.0
69.526619086 15608.0
69.533184228 15505.0
69.539749369 15350.0
69.546314510 15475.0
69.552879652 15527.0
69.559444793 15417.0
69.566009934 15377.0
69.572575076 15452.0
69.579140217 15446.0
69.585705359 15302.0
69.592270500 15557.0
69.598835641 15430.0
69.605400783 15485.0
69.611965924 15242.0
69.618531065 15541.0
69.625096207 15535.0
69.631661348 15383.0
69.638226489 15587.0
69.644791631 15547.0
69.651356772 15478.0
69.657921913 15522.0
69.664487055 15497.0
69.671052196 15322.0
69.677617337 15582.0
69.684182479 15498.0
69.690747620 15518.0
69.697312761 15550.0
69.703877903 15600.0
69.710443044 15547.0
69.717008185 15462.0
69.723573327 15408.0
69.730138468 15541.0
69.736703609 15457.0
69.743268751 15279.0
69.749833892 15671.0
69.756399033 15445.0
69.762964175 15597.0
69.769529316 15430.0
69.776094457 15337.0
69.782659599 15365.0
69.789224740 15409.0
69.795789881 15289.0
69.802355023 15449.0
69.808920164 15527.0
69.815485305 15423.0
69.822050447 15287.0
69.828615588 15567.0
69.835180729 15581.0
69.841745871 15526.0
69.848311012 15164.0
69.854876153 15420.0
69.861441295 15514.0
69.868006436 15579.0
69.874571577 15223.0
69.881136719 15222.0
69.887701860 15426.0
69.894267001 15488.0
69.900832143 15110.0
69.907397284 15585.0
69.913962425 15721.0
69.920527567 15454.0
69.927092708 15320.0
69.933657849 15464.0
69.940222991 15320.0
69.946788132 15259.0
69.953353273 15397.0
69.959918415 15606.0
69.966483556 15718.0
69.973048697 15204.0
69.979613839 15576.0
69.986178980 15321.0
69.992744121 15564.0
69.999309263 15365.0
70.005874404 15330.0
70.012439546 15403.0
70.019004687 15098.0
70.025569828 15586.0
70.032134970 15595.0
70.038700111 15520.0
70.045265252 15572.0
70.051830394 15519.0
70.058395535 15494.0
70.064960676 15251.0
70.071525818 15473.0
70.078090959 15550.0
70.084656100 15457.0
70.091221242 15494.0
70.097786383 15513.0
70.104351524 15631.0
70.110916666 15380.0
70.117481807 15803.0
70.124046948 15469.0
70.130612090 15380.0
70.137177231 15349.0
70.143742372 15355.0
70.150307514 15462.0
70.156872655 15414.0
70.163437796 15488.0
70.170002938 15175.0
70.176568079 15460.0
70.183133220 15347.0
70.189698362 15459.0
70.196263503 15678.0
70.202828644 15432.0
70.209393786 15418.0
70.215958927 15460.0
70.222524068 15438.0
70.229089210 15673.0
70.235654351 15690.0
70.242219492 15372.0
70.248784634 15432.0
70.255349775 15242.0
70.261914916 15470.0
70.268480058 15401.0
70.275045199 15333.0
70.281610340 15616.0
70.288175482 15564.0
70.294740623 15484.0
70.301305764 15310.0
70.307870906 15288.0
70.314436047 15458.0
70.321001188 15535.0
70.327566330 15586.0
70.334131471 15437.0
70.340696612 15264.0
70.347261754 15396.0
70.353826895 15543.0
70.360392036 15442.0
70.366957178 15500.0
70.373522319 15481.0
70.380087460 15204.0
70.386652602 15370.0
70.393217743 15320.0
70.399782884 15398.0
70.406348026 15403.0
70.412913167 15413.0
70.419478309 15465.0
70.426043450 15591.0
70.432608591 15345.0
70.439173733 15290.0
70.445738874 15321.0
70.452304015 15365.0
70.458869157 15290.0
70.465434298 15377.0
70.471999439 15296.0
70.478564581 15327.0
70.485129722 15631.0
70.491694863 15593.0
70.498260005 15501.0
70.504825146 15563.0
70.511390287 15374.0
70.517955429 15438.0
70.524520570 15473.0
70.531085711 15564.0
70.537650853 15597.0
70.544215994 15379.0
70.550781135 15372.0
70.557346277 15542.0
70.563911418 15460.0
70.570476559 15395.0
70.577041701 15603.0
70.583606842 15398.0
70.590171983 15504.0
70.596737125 15437.0
70.603302266 15502.0
70.609867407 15497.0
70.616432549 15320.0
70.622997690 15511.0
70.629562831 15761.0
70.636127973 15553.0
70.642693114 15253.0
70.649258255 15460.0
70.655823397 15557.0
70.662388538 15600.0
70.668953679 15524.0
70.675518821 15394.0
70.682083962 15374.0
70.688649103 15714.0
70.695214245 15323.0
70.701779386 15417.0
70.708344527 15491.0
70.714909669 15368.0
70.721474810 15350.0
70.728039951 15525.0
70.734605093 15577.0
70.741170234 15553.0
70.747735375 15482.0
70.754300517 15299.0
70.760865658 15127.0
70.767430799 15403.0
70.773995941 15662.0
70.780561082 15349.0
70.787126223 15485.0
70.793691365 15614.0
70.800256506 15428.0
70.806821647 15437.0
70.813386789 15529.0
70.819951930 15420.0
70.826517071 15505.0
70.833082213 15471.0
70.839647354 15437.0
70.846212496 15414.0
70.852777637 15576.0
70.859342778 15648.0
70.865907920 15349.0
70.872473061 15446.0
70.879038202 15166.0
70.885603344 15517.0
70.892168485 15560.0
70.898733626 15307.0
70.905298768 15439.0
70.911863909 15554.0
70.918429050 15307.0
70.924994192 15607.0
70.931559333 15593.0
70.938124474 15486.0
70.944689616 15399.0
70.951254757 15392.0
70.957819898 15630.0
70.964385040 15430.0
70.970950181 15191.0
70.977515322 15468.0
70.984080464 15299.0
70.990645605 15498.0
70.997210746 15378.0
71.003775888 15597.0
71.010341029 15425.0
71.016906170 15294.0
71.023471312 15342.0
71.030036453 15462.0
71.036601594 15480.0
71.043166736 15637.0
71.049731877 15417.0
71.056297018 15443.0
71.062862160 15456.0
71.069427301 15546.0
71.075992442 15672.0
71.082557584 15476.0
71.089122725 15394.0
71.095687866 15424.0
71.102253008 15479.0
71.108818149 15392.0
71.115383290 15370.0
71.121948432 15220.0
71.128513573 15603.0
71.135078714 15511.0
71.141643856 15533.0
71.148208997 15322.0
71.154774138 15438.0
71.161339280 15640.0
71.167904421 15525.0
71.174469562 15379.0
71.181034704 15565.0
71.187599845 15447.0
71.194164986 15673.0
71.200730128 15506.0
71.207295269 15521.0
71.213860410 15475.0
71.220425552 15397.0
71.226990693 15360.0
71.233555834 15217.0
71.240120976 15312.0
71.246686117 15337.0
71.253251258 15582.0
71.259816400 15363.0
71.266381541 15339.0
71.272946683 15563.0
71.279511824 15464.0
71.286076965 15358.0
71.292642107 15452.0
71.299207248 15497.0
71.305772389 15409.0
71.312337531 15359.0
71.318902672 15637.0
71.325467813 15501.0
71.332032955 15523.0
71.338598096 15625.0
71.345163237 15581.0
71.351728379 15126.0
71.358293520 15340.0
71.364858661 15320.0
71.371423803 15539.0
71.377988944 15375.0
71.384554085 15423.0
71.391119227 15641.0
71.397684368 15441.0
71.404249509 15392.0
71.410814651 15411.0
71.417379792 15233.0
71.423944933 15398.0
71.430510075 15523.0
71.437075216 15500.0
71.443640357 15350.0
71.450205499 15647.0
71.456770640 15288.0
71.463335781 15396.0
71.469900923 15247.0
71.476466064 15519.0
71.483031205 15529.0
71.489596347 15474.0
71.496161488 15353.0
71.502726629 15614.0
71.509291771 15580.0
71.515856912 15357.0
71.522422053 15364.0
71.528987195 15493.0
71.535552336 15443.0
71.542117477 15510.0
71.548682619 15371.0
71.555247760 15308.0
71.561812901 15395.0
71.568378043 15467.0
71.574943184 15591.0
71.581508325 15482.0
71.588073467 15402.0
71.594638608 15453.0
71.601203749 15486.0
71.607768891 15625.0
71.614334032 15435.0
71.620899173 15437.0
71.627464315 15321.0
71.634029456 15336.0
71.640594597 15310.0
71.647159739 15330.0
71.653724880 15266.0
71.660290021 15578.0
71.666855163 15659.0
71.673420304 15587.0
71.679985445 15202.0
71.686550587 15504.0
71.693115728 15424.0
71.699680870 15337.0
71.706246011 15616.0
71.712811152 15568.0
71.719376294 15379.0
71.725941435 15334.0
71.732506576 15630.0
71.739071718 15397.0
71.745636859 15231.0
71.752202000 15527.0
71.758767142 15232.0
71.765332283 15363.0
71.771897424 15522.0
71.778462566 15392.0
71.785027707 15420.0
71.791592848 15493.0
71.798157990 15325.0
71.804723131 15387.0
71.811288272 15271.0
71.817853414 15315.0
71.824418555 15439.0
71.830983696 15279.0
71.837548838 15266.0
71.844113979 15437.0
71.850679120 15270.0
71.857244262 15556.0
71.863809403 15507.0
71.870374544 15243.0
71.876939686 15269.0
71.883504827 15213.0
71.890069968 15341.0
71.896635110 15191.0
71.903200251 15385.0
71.909765392 15423.0
71.916330534 15395.0
71.922895675 15415.0
71.929460816 15403.0
71.936025958 15419.0
71.942591099 15530.0
71.949156240 15396.0
71.955721382 15390.0
71.962286523 15477.0
71.968851664 15507.0
71.975416806 15340.0
71.981981947 15648.0
71.988547088 15782.0
71.995112230 15382.0
72.001677371 15458.0
72.008242512 15328.0
72.014807654 15477.0
72.021372795 15365.0
72.027937936 15409.0
72.034503078 15176.0
72.041068219 15268.0
72.047633360 15482.0
72.054198502 15552.0
72.060763643 15246.0
72.067328784 15545.0
72.073893926 15221.0
72.080459067 15647.0
72.087024208 15176.0
72.093589350 15270.0
72.100154491 15284.0
72.106719633 15424.0
72.113284774 15251.0
72.119849915 15341.0
72.126415057 15404.0
72.132980198 15546.0
72.139545339 15714.0
72.146110481 15240.0
72.152675622 15488.0
72.159240763 15547.0
72.165805905 15310.0
72.172371046 15521.0
72.178936187 15659.0
72.185501329 15420.0
72.192066470 15367.0
72.198631611 15397.0
72.205196753 15374.0
72.211761894 15560.0
72.218327035 15518.0
72.224892177 15323.0
72.231457318 15539.0
72.238022459 15366.0
72.244587601 15225.0
72.251152742 15500.0
72.257717883 15356.0
72.264283025 15250.0
72.270848166 15385.0
72.277413307 15218.0
72.283978449 15436.0
72.290543590 15459.0
72.297108731 15172.0
72.303673873 15708.0
72.310239014 15251.0
72.316804155 15357.0
72.323369297 15373.0
72.329934438 15430.0
72.336499579 15338.0
72.343064721 15503.0
72.349629862 15505.0
72.356195003 15438.0
72.362760145 15437.0
72.369325286 15365.0
72.375890427 15445.0
72.382455569 15596.0
72.389020710 15361.0
72.395585851 15370.0
72.402150993 15541.0
72.408716134 15415.0
72.415281275 15300.0
72.421846417 15442.0
72.428411558 15502.0
72.434976699 15329.0
72.441541841 15435.0
72.448106982 15583.0
72.454672123 15247.0
72.461237265 15278.0
72.467802406 15171.0
72.474367547 15315.0
72.480932689 15297.0
72.487497830 15209.0
72.494062971 15182.0
72.500628113 15276.0
72.507193254 15420.0
72.513758395 15389.0
72.520323537 15410.0
72.526888678 15354.0
72.533453820 15506.0
72.540018961 15495.0
72.546584102 15282.0
72.553149244 15566.0
72.559714385 15460.0
72.566279526 15224.0
72.572844668 15313.0
72.579409809 15380.0
72.585974950 15414.0
72.592540092 15280.0
72.599105233 15415.0
72.605670374 15655.0
72.612235516 15319.0
72.618800657 15463.0
72.625365798 15372.0
72.631930940 15335.0
72.638496081 15589.0
72.645061222 15536.0
72.651626364 15448.0
72.658191505 15406.0
72.664756646 15375.0
72.671321788 15445.0
72.677886929 15186.0
72.684452070 15349.0
72.691017212 15430.0
72.697582353 15408.0
72.704147494 15244.0
72.710712636 15381.0
72.717277777 15375.0
72.723842918 15086.0
72.730408060 15539.0
72.736973201 15362.0
72.743538342 15441.0
72.750103484 15469.0
72.756668625 15263.0
72.763233766 15308.0
72.769798908 15352.0
72.776364049 15345.0
72.782929190 15520.0
72.789494332 15458.0
72.796059473 15559.0
72.802624614 15574.0
72.809189756 15220.0
72.815754897 15384.0
72.822320038 15228.0
72.828885180 15461.0
72.835450321 15529.0
72.842015462 15362.0
72.848580604 15369.0
72.855145745 15629.0
72.861710886 15640.0
72.868276028 15505.0
72.874841169 15354.0
72.881406310 15296.0
72.887971452 15189.0
72.894536593 15309.0
72.901101734 15295.0
72.907666876 15210.0
72.914232017 15374.0
72.920797158 15302.0
72.927362300 15489.0
72.933927441 15324.0
72.940492582 15531.0
72.947057724 15460.0
72.953622865 15341.0
72.960188007 15558.0
72.966753148 15386.0
72.973318289 15276.0
72.979883431 15406.0
72.986448572 15330.0
72.993013713 15554.0
72.999578855 15725.0
73.006143996 15121.0
73.012709137 15357.0
73.019274279 15611.0
73.025839420 15653.0
73.032404561 15313.0
73.038969703 15384.0
73.045534844 15470.0
73.052099985 15222.0
73.058665127 15261.0
73.065230268 15386.0
73.071795409 15516.0
73.078360551 15317.0
73.084925692 15410.0
73.091490833 15484.0
73.098055975 15341.0
73.104621116 15563.0
73.111186257 15616.0
73.117751399 15429.0
73.124316540 15275.0
73.130881681 15410.0
73.137446823 15470.0
73.144011964 15674.0
73.150577105 15318.0
73.157142247 15453.0
73.163707388 15772.0
73.170272529 15511.0
73.176837671 15521.0
73.183402812 15253.0
73.189967953 15200.0
73.196533095 15238.0
73.203098236 15170.0
73.209663377 15406.0
73.216228519 15437.0
73.222793660 15620.0
73.229358801 15168.0
73.235923943 15218.0
73.242489084 15345.0
73.249054225 15377.0
73.255619367 15413.0
73.262184508 15503.0
73.268749649 15408.0
73.275314791 15317.0
73.281879932 15199.0
73.288445073 15441.0
73.295010215 15448.0
73.301575356 15584.0
73.308140497 15321.0
73.314705639 15537.0
73.321270780 15761.0
73.327835921 15331.0
73.334401063 15346.0
73.340966204 15445.0
73.347531345 15120.0
73.354096487 15464.0
73.360661628 15254.0
73.367226770 15399.0
73.373791911 15336.0
73.380357052 15404.0
73.386922194 15534.0
73.393487335 15750.0
73.400052476 15477.0
73.406617618 15476.0
73.413182759 15211.0
73.419747900 15565.0
73.426313042 15529.0
73.432878183 15366.0
73.439443324 15288.0
73.446008466 15469.0
73.452573607 15503.0
73.459138748 15516.0
73.465703890 15283.0
73.472269031 15535.0
73.478834172 15626.0
73.485399314 15436.0
73.491964455 15261.0
73.498529596 15522.0
73.505094738 15164.0
73.511659879 15184.0
73.518225020 15123.0
73.524790162 15339.0
73.531355303 15247.0
73.537920444 15223.0
73.544485586 15502.0
73.551050727 15349.0
73.557615868 15422.0
73.564181010 15282.0
73.570746151 15403.0
73.577311292 15404.0
73.583876434 15398.0
73.590441575 15557.0
73.597006716 15322.0
73.603571858 15337.0
73.610136999 15456.0
73.616702140 15567.0
73.623267282 15426.0
73.629832423 15467.0
73.636397564 15279.0
73.642962706 15406.0
73.649527847 15378.0
73.656092988 15395.0
73.662658130 15402.0
73.669223271 15345.0
73.675788412 15433.0
73.682353554 15288.0
73.688918695 15394.0
73.695483836 15454.0
73.702048978 15295.0
73.708614119 15487.0
73.715179260 15244.0
73.721744402 15363.0
73.728309543 15321.0
73.734874684 15466.0
73.741439826 15175.0
73.748004967 15408.0
73.754570108 15312.0
73.761135250 15471.0
73.767700391 15499.0
73.774265532 15441.0
73.780830674 15168.0
73.787395815 15384.0
73.793960957 15451.0
73.800526098 15458.0
73.807091239 15447.0
73.813656381 15410.0
73.820221522 15382.0
73.826786663 15317.0
73.833351805 15414.0
73.839916946 15584.0
73.846482087 15505.0
73.853047229 15343.0
73.859612370 15388.0
73.866177511 15025.0
73.872742653 15280.0
73.879307794 15520.0
73.885872935 15320.0
73.892438077 15451.0
73.899003218 15434.0
73.905568359 15170.0
73.912133501 15393.0
73.918698642 15221.0
73.925263783 15384.0
73.931828925 15411.0
73.938394066 15432.0
73.944959207 15477.0
73.951524349 15418.0
73.958089490 15424.0
73.964654631 15377.0
73.971219773 15241.0
73.977784914 15278.0
73.984350055 15323.0
73.990915197 15485.0
73.997480338 15256.0
74.004045479 15262.0
74.010610621 15699.0
74.017175762 15205.0
74.023740903 15297.0
74.030306045 15360.0
74.036871186 15353.0
74.043436327 15537.0
74.050001469 15453.0
74.056566610 15617.0
74.063131751 15405.0
74.069696893 15367.0
74.076262034 15450.0
74.082827175 15570.0
74.089392317 15543.0
74.095957458 15301.0
74.102522599 15405.0
74.109087741 15540.0
74.115652882 15488.0
74.122218023 15435.0
74.128783165 15307.0
74.135348306 15422.0
74.141913447 15578.0
74.148478589 15401.0
74.155043730 15628.0
74.161608871 15347.0
74.168174013 15151.0
74.174739154 15637.0
74.181304295 15406.0
74.187869437 15480.0
74.194434578 15424.0
74.200999719 15386.0
74.207564861 15294.0
74.214130002 15364.0
74.220695144 15571.0
74.227260285 15315.0
74.233825426 15370.0
74.240390568 15609.0
74.246955709 15509.0
74.253520850 15443.0
74.260085992 15442.0
74.266651133 15283.0
74.273216274 15420.0
74.279781416 15437.0
74.286346557 15503.0
74.292911698 15672.0
74.299476840 15197.0
74.306041981 15594.0
74.312607122 15523.0
74.319172264 15640.0
74.325737405 15514.0
74.332302546 15357.0
74.338867688 15539.0
74.345432829 15419.0
74.351997970 15399.0
74.358563112 15578.0
74.365128253 15664.0
74.371693394 15438.0
74.378258536 15277.0
74.384823677 15300.0
74.391388818 15283.0
74.397953960 15371.0
74.404519101 15269.0
74.411084242 15363.0
74.417649384 15406.0
74.424214525 15437.0
74.430779666 15125.0
74.437344808 15209.0
74.443909949 15279.0
74.450475090 15427.0
74.457040232 15246.0
74.463605373 15280.0
74.470170514 15432.0
74.476735656 15469.0
74.483300797 15391.0
74.489865938 15500.0
74.496431080 15361.0
74.502996221 15214.0
74.509561362 15497.0
74.516126504 15347.0
74.522691645 15262.0
74.529256786 15438.0
74.535821928 15431.0
74.542387069 15337.0
74.548952210 15349.0
74.555517352 15539.0
74.562082493 15346.0
74.568647634 15278.0
74.575212776 15392.0
74.581777917 15363.0
74.588343058 15383.0
74.594908200 15487.0
74.601473341 15391.0
74.608038482 15398.0
74.614603624 15363.0
74.621168765 15308.0
74.627733906 15264.0
74.634299048 15208.0
74.640864189 15333.0
74.647429331 15129.0
74.653994472 15352.0
74.660559613 15369.0
74.667124755 15457.0
74.673689896 15432.0
74.680255037 15154.0
74.686820179 15455.0
74.693385320 15254.0
74.699950461 15333.0
74.706515603 15523.0
74.713080744 15303.0
74.719645885 15335.0
74.726211027 15287.0
74.732776168 15789.0
74.739341309 15468.0
74.745906451 15106.0
74.752471592 15686.0
74.759036733 15451.0
74.765601875 15386.0
74.772167016 15486.0
74.778732157 15440.0
74.785297299 15543.0
74.791862440 15503.0
74.798427581 15290.0
74.804992723 15560.0
74.811557864 15043.0
74.818123005 15445.0
74.824688147 15367.0
74.831253288 15534.0
74.837818429 15257.0
74.844383571 15554.0
74.850948712 15594.0
74.857513853 15403.0
74.864078995 15396.0
74.870644136 15371.0
74.877209277 15440.0
74.883774419 15447.0
74.890339560 15378.0
74.896904701 15252.0
74.903469843 15568.0
74.910034984 15305.0
74.916600125 15250.0
74.923165267 15414.0
74.929730408 15403.0
74.936295549 15417.0
74.942860691 15177.0
74.949425832 15225.0
74.955990973 15245.0
74.962556115 15230.0
74.969121256 15466.0
74.975686397 15477.0
74.982251539 15399.0
74.988816680 15256.0
74.995381821 15240.0
75.001946963 15526.0
75.008512104 15654.0
75.015077245 15334.0
75.021642387 15494.0
75.028207528 15368.0
75.034772669 15557.0
75.041337811 15427.0
75.047902952 15128.0
75.054468094 15483.0
75.061033235 15217.0
75.067598376 15376.0
75.074163518 15278.0
75.080728659 15522.0
75.087293800 15719.0
75.093858942 15734.0
75.100424083 15449.0
75.106989224 15327.0
75.113554366 15516.0
75.120119507 15426.0
75.126684648 15419.0
75.133249790 15372.0
75.139814931 15343.0
75.146380072 15456.0
75.152945214 15263.0
75.159510355 15550.0
75.166075496 15354.0
75.172640638 15545.0
75.179205779 15272.0
75.185770920 15321.0
75.192336062 15198.0
75.198901203 15413.0
75.205466344 15245.0
75.212031486 15627.0
75.218596627 15375.0
75.225161768 15612.0
75.231726910 15497.0
75.238292051 15628.0
75.244857192 15469.0
75.251422334 15282.0
75.257987475 15428.0
75.264552616 15611.0
75.271117758 15452.0
75.277682899 15458.0
75.284248040 15563.0
75.290813182 15289.0
75.297378323 15384.0
75.303943464 15222.0
75.310508606 15448.0
75.317073747 15272.0
75.323638888 15387.0
75.330204030 15492.0
75.336769171 15468.0
75.343334312 15306.0
75.349899454 15564.0
75.356464595 15758.0
75.363029736 15473.0
75.369594878 15277.0
75.376160019 15389.0
75.382725160 15576.0
75.389290302 15426.0
75.395855443 15400.0
75.402420584 15340.0
75.408985726 15480.0
75.415550867 15614.0
75.422116008 15437.0
75.428681150 15136.0
75.435246291 15365.0
75.441811432 15465.0
75.448376574 15343.0
75.454941715 15452.0
75.461506856 15312.0
75.468071998 15413.0
75.474637139 15582.0
75.481202281 15620.0
75.487767422 15377.0
75.494332563 15523.0
75.500897705 15319.0
75.507462846 15454.0
75.514027987 15487.0
75.520593129 15433.0
75.527158270 15412.0
75.533723411 15330.0
75.540288553 15565.0
75.546853694 15424.0
75.553418835 15505.0
75.559983977 15308.0
75.566549118 15395.0
75.573114259 15420.0
75.579679401 15534.0
75.586244542 15403.0
75.592809683 15152.0
75.599374825 15579.0
75.605939966 15500.0
75.612505107 15508.0
75.619070249 15564.0
75.625635390 15214.0
75.632200531 15347.0
75.638765673 15400.0
75.645330814 15472.0
75.651895955 15488.0
75.658461097 15691.0
75.665026238 15531.0
75.671591379 15640.0
75.678156521 15417.0
75.684721662 15205.0
75.691286803 15480.0
75.697851945 15575.0
75.704417086 15607.0
75.710982227 15491.0
75.717547369 15328.0
75.724112510 15709.0
75.730677651 15483.0
75.737242793 15589.0
75.743807934 15308.0
75.750373075 15776.0
75.756938217 15359.0
75.763503358 15419.0
75.770068499 15484.0
75.776633641 15584.0
75.783198782 15504.0
75.789763923 15326.0
75.796329065 15312.0
75.802894206 15628.0
75.809459347 15668.0
75.816024489 15408.0
75.822589630 15657.0
75.829154771 15505.0
75.835719913 15260.0
75.842285054 15431.0
75.848850195 15531.0
75.855415337 15440.0
75.861980478 15724.0
75.868545619 15524.0
75.875110761 15459.0
75.881675902 15334.0
75.888241043 15484.0
75.894806185 15389.0
75.901371326 15575.0
75.907936468 15341.0
75.914501609 15514.0
75.921066750 15459.0
75.927631892 15289.0
75.934197033 15457.0
75.940762174 15595.0
75.947327316 15491.0
75.953892457 15378.0
75.960457598 15632.0
75.967022740 15423.0
75.973587881 15494.0
75.980153022 15463.0
75.986718164 15418.0
75.993283305 15589.0
75.999848446 15346.0
76.006413588 15458.0
76.012978729 15444.0
76.019543870 15484.0
76.026109012 15461.0
76.032674153 15597.0
76.039239294 15632.0
76.045804436 15547.0
76.052369577 15475.0
76.058934718 15646.0
76.065499860 15368.0
76.072065001 15504.0
76.078630142 15555.0
76.085195284 15567.0
76.091760425 15433.0
76.098325566 15165.0
76.104890708 15562.0
76.111455849 15521.0
76.118020990 15565.0
76.124586132 15637.0
76.131151273 15516.0
76.137716414 15683.0
76.144281556 15553.0
76.150846697 15358.0
76.157411838 15297.0
76.163976980 15178.0
76.170542121 15362.0
76.177107262 15617.0
76.183672404 15500.0
76.190237545 15715.0
76.196802686 15596.0
76.203367828 15390.0
76.209932969 15406.0
76.216498110 15383.0
76.223063252 15514.0
76.229628393 15540.0
76.236193534 15491.0
76.242758676 15364.0
76.249323817 15513.0
76.255888958 15589.0
76.262454100 15605.0
76.269019241 15348.0
76.275584382 15490.0
76.282149524 15407.0
76.288714665 15500.0
76.295279806 15603.0
76.301844948 15467.0
76.308410089 15528.0
76.314975231 15616.0
76.321540372 15660.0
76.328105513 15217.0
76.334670655 15507.0
76.341235796 15313.0
76.347800937 15584.0
76.354366079 15592.0
76.360931220 15601.0
76.367496361 15521.0
76.374061503 15447.0
76.380626644 15275.0
76.387191785 15604.0
76.393756927 15435.0
76.400322068 15572.0
76.406887209 15442.0
76.413452351 15571.0
76.420017492 15403.0
76.426582633 15456.0
76.433147775 15529.0
76.439712916 15171.0
76.446278057 15758.0
76.452843199 15640.0
76.459408340 15546.0
76.465973481 15559.0
76.472538623 15765.0
76.479103764 15559.0
76.485668905 15551.0
76.492234047 15568.0
76.498799188 15644.0
76.505364329 15610.0
76.511929471 15684.0
76.518494612 15949.0
76.525059753 15787.0
76.531624895 15592.0
76.538190036 15515.0
76.544755177 15829.0
76.551320319 15586.0
76.557885460 15491.0
76.564450601 15426.0
76.571015743 15843.0
76.577580884 15779.0
76.584146025 15714.0
76.590711167 15770.0
76.597276308 15873.0
76.603841449 15591.0
76.610406591 15419.0
76.616971732 15681.0
76.623536873 15939.0
76.630102015 15775.0
76.636667156 15831.0
76.643232297 15816.0
76.649797439 15876.0
76.656362580 15737.0
76.662927721 15938.0
76.669492863 15553.0
76.676058004 15753.0
76.682623145 15826.0
76.689188287 15741.0
76.695753428 15967.0
76.702318569 15869.0
76.708883711 16096.0
76.715448852 16391.0
76.722013993 16050.0
76.728579135 16039.0
76.735144276 16036.0
76.741709418 16257.0
76.748274559 15876.0
76.754839700 16481.0
76.761404842 16268.0
76.767969983 16207.0
76.774535124 16528.0
76.781100266 16719.0
76.787665407 16659.0
76.794230548 16982.0
76.800795690 16898.0
76.807360831 17231.0
76.813925972 17271.0
76.820491114 17263.0
76.827056255 17251.0
76.833621396 17653.0
76.840186538 17855.0
76.846751679 18072.0
76.853316820 18060.0
76.859881962 18194.0
76.866447103 18809.0
76.873012244 18843.0
76.879577386 18933.0
76.886142527 18861.0
76.892707668 19439.0
76.899272810 19168.0
76.905837951 19632.0
76.912403092 19418.0
76.918968234 19514.0
76.925533375 19323.0
76.932098516 19952.0
76.938663658 19852.0
76.945228799 19579.0
76.951793940 19491.0
76.958359082 19633.0
76.964924223 19237.0
76.971489364 19700.0
76.978054506 19077.0
76.984619647 18724.0
76.991184788 18701.0
76.997749930 18661.0
77.004315071 18535.0
77.010880212 18479.0
77.017445354 18120.0
77.024010495 18448.0
77.030575636 18451.0
77.037140778 18123.0
77.043705919 18122.0
77.050271060 17685.0
77.056836202 17767.0
77.063401343 17872.0
77.069966484 17828.0
77.076531626 17741.0
77.083096767 18130.0
77.089661908 17890.0
77.096227050 18114.0
77.102792191 18112.0
77.109357332 17900.0
77.115922474 18166.0
77.122487615 18143.0
77.129052756 18350.0
77.135617898 18340.0
77.142183039 18329.0
77.148748180 18465.0
77.155313322 18232.0
77.161878463 18200.0
77.168443605 18324.0
77.175008746 18300.0
77.181573887 18372.0
77.188139029 18174.0
77.194704170 18118.0
77.201269311 18038.0
77.207834453 18096.0
77.214399594 17710.0
77.220964735 17959.0
77.227529877 17835.0
77.234095018 18026.0
77.240660159 17741.0
77.247225301 17983.0
77.253790442 17767.0
77.260355583 17974.0
77.266920725 17876.0
77.273485866 18016.0
77.280051007 17909.0
77.286616149 17874.0
77.293181290 18009.0
77.299746431 18071.0
77.306311573 18116.0
77.312876714 18199.0
77.319441855 18115.0
77.326006997 18145.0
77.332572138 18314.0
77.339137279 18409.0
77.345702421 18397.0
77.352267562 18402.0
77.358832703 18360.0
77.365397845 18170.0
77.371962986 18159.0
77.378528127 18165.0
77.385093269 18326.0
77.391658410 18130.0
77.398223551 18044.0
77.404788693 18075.0
77.411353834 18051.0
77.417918975 17954.0
77.424484117 17742.0
77.431049258 17883.0
77.437614399 17732.0
77.444179541 17692.0
77.450744682 17643.0
77.457309823 17699.0
77.463874965 17467.0
77.470440106 17431.0
77.477005247 17675.0
77.483570389 17456.0
77.490135530 17713.0
77.496700671 17572.0
77.503265813 17536.0
77.509830954 17452.0
77.516396095 17613.0
77.522961237 17185.0
77.529526378 17794.0
77.536091519 17649.0
77.542656661 17557.0
77.549221802 17835.0
77.555786943 17962.0
77.562352085 17716.0
77.568917226 17709.0
77.575482367 17736.0
77.582047509 17848.0
77.588612650 18058.0
77.595177792 17959.0
77.601742933 18305.0
77.608308074 18535.0
77.614873216 18293.0
77.621438357 18271.0
77.628003498 18540.0
77.634568640 18523.0
77.641133781 18346.0
77.647698922 18496.0
77.654264064 18758.0
77.660829205 18892.0
77.667394346 18997.0
77.673959488 18783.0
77.680524629 19300.0
77.687089770 19200.0
77.693654912 19445.0
77.700220053 19457.0
77.706785194 19489.0
77.713350336 19505.0
77.719915477 20028.0
77.726480618 19913.0
77.733045760 20119.0
77.739610901 20373.0
77.746176042 20289.0
77.752741184 20306.0
77.759306325 20364.0
77.765871466 20134.0
77.772436608 20296.0
77.779001749 20370.0
77.785566890 19987.0
77.792132032 19995.0
77.798697173 20057.0
77.805262314 19813.0
77.811827456 20027.0
77.818392597 19951.0
77.824957738 19839.0
77.831522880 19851.0
77.838088021 19839.0
77.844653162 19950.0
77.851218304 19673.0
77.857783445 19863.0
77.864348586 19555.0
77.870913728 19240.0
77.877478869 19532.0
77.884044010 19541.0
77.890609152 19551.0
77.897174293 19581.0
77.903739434 19632.0
77.910304576 19894.0
77.916869717 19878.0
77.923434858 19594.0
77.930000000 19918.0
77.936565141 19961.0
77.943130282 20116.0
77.949695424 20106.0
77.956260565 20041.0
77.962825706 20046.0
77.969390848 20201.0
77.975955989 20119.0
77.982521130 19810.0
77.989086272 20018.0
77.995651413 19643.0
78.002216555 19868.0
78.008781696 19808.0
78.015346837 19477.0
78.021911979 19250.0
78.028477120 19173.0
78.035042261 19255.0
78.041607403 19091.0
78.048172544 18903.0
78.054737685 18696.0
78.061302827 18572.0
78.067867968 18289.0
78.074433109 18350.0
78.080998251 18305.0
78.087563392 18280.0
78.094128533 18265.0
78.100693675 17909.0
78.107258816 17721.0
78.113823957 17979.0
78.120389099 17780.0
78.126954240 17770.0
78.133519381 17559.0
78.140084523 17512.0
78.146649664 17380.0
78.153214805 17241.0
78.159779947 17157.0
78.166345088 17362.0
78.172910229 17255.0
78.179475371 17165.0
78.186040512 17132.0
78.192605653 17133.0
78.199170795 17063.0
78.205735936 16989.0
78.212301077 17074.0
78.218866219 17114.0
78.225431360 16649.0
78.231996501 16796.0
78.238561643 16611.0
78.245126784 16594.0
78.251691925 16561.0
78.258257067 16789.0
78.264822208 16433.0
78.271387349 16502.0
78.277952491 16524.0
78.284517632 16318.0
78.291082773 16353.0
78.297647915 16315.0
78.304213056 16278.0
78.310778197 16280.0
78.317343339 16367.0
78.323908480 15996.0
78.330473621 16200.0
78.337038763 15767.0
78.343603904 15949.0
78.350169045 15823.0
78.356734187 16104.0
78.363299328 15836.0
78.369864469 15894.0
78.376429611 15829.0
78.382994752 15914.0
78.389559893 15835.0
78.396125035 15813.0
78.402690176 15666.0
78.409255317 15528.0
78.415820459 15676.0
78.422385600 15608.0
78.428950742 15674.0
78.435515883 15662.0
78.442081024 15749.0
78.448646166 15333.0
78.455211307 15462.0
78.461776448 15694.0
78.468341590 15723.0
78.474906731 15499.0
78.481471872 15564.0
78.488037014 15596.0
78.494602155 15656.0
78.501167296 15716.0
78.507732438 15583.0
78.514297579 15708.0
78.520862720 15588.0
78.527427862 15522.0
78.533993003 15611.0
78.540558144 15850.0
78.547123286 15495.0
78.553688427 15612.0
78.560253568 15807.0
78.566818710 15444.0
78.573383851 15667.0
78.579948992 15788.0
78.586514134 15727.0
78.593079275 15576.0
78.599644416 15586.0
78.606209558 15677.0
78.612774699 15685.0
78.619339840 15722.0
78.625904982 15658.0
78.632470123 15630.0
78.639035264 15576.0
78.645600406 15758.0
78.652165547 15587.0
78.658730688 15494.0
78.665295830 15344.0
78.671860971 15466.0
78.678426112 15302.0
78.684991254 15444.0
78.691556395 15645.0
78.698121536 15519.0
78.704686678 15648.0
78.711251819 15538.0
78.717816960 15629.0
78.724382102 15477.0
78.730947243 15503.0
78.737512384 15357.0
78.744077526 15200.0
78.750642667 15422.0
78.757207808 15442.0
78.763772950 15382.0
78.770338091 15228.0
78.776903232 15551.0
78.783468374 15417.0
78.790033515 15516.0
78.796598656 15487.0
78.803163798 15304.0
78.809728939 15301.0
78.816294080 15677.0
78.822859222 15505.0
78.829424363 15448.0
78.835989504 15609.0
78.842554646 15559.0
78.849119787 15613.0
78.855684929 15259.0
78.862250070 15330.0
78.868815211 15375.0
78.875380353 15605.0
78.881945494 15419.0
78.888510635 15694.0
78.895075777 15545.0
78.901640918 15546.0
78.908206059 15285.0
78.914771201 15501.0
78.921336342 15457.0
78.927901483 15550.0
78.934466625 15597.0
78.941031766 15513.0
78.947596907 15494.0
78.954162049 15820.0
78.960727190 15679.0
78.967292331 15392.0
78.973857473 15504.0
78.980422614 15587.0
78.986987755 15449.0
78.993552897 15549.0
79.000118038 15573.0
79.006683179 15462.0
79.013248321 15456.0
79.019813462 15463.0
79.026378603 15541.0
79.032943745 15530.0
79.039508886 15513.0
79.046074027 15399.0
79.052639169 15419.0
79.059204310 15547.0
79.065769451 15485.0
79.072334593 15568.0
79.078899734 15523.0
79.085464875 15439.0
79.092030017 15329.0
79.098595158 15471.0
79.105160299 15511.0
79.111725441 15477.0
79.118290582 15391.0
79.124855723 15512.0
79.131420865 15441.0
79.137986006 15597.0
79.144551147 15307.0
79.151116289 15505.0
79.157681430 15525.0
79.164246571 15553.0
79.170811713 15358.0
79.177376854 15449.0
79.183941995 15378.0
79.190507137 15542.0
79.197072278 15469.0
79.203637419 15446.0
79.210202561 15563.0
79.216767702 15398.0
79.223332843 15367.0
79.229897985 15439.0
79.236463126 15606.0
79.243028267 15376.0
79.249593409 15200.0
79.256158550 15600.0
79.262723692 15265.0
79.269288833 15186.0
79.275853974 15302.0
79.282419116 15425.0
79.288984257 15345.0
79.295549398 15449.0
79.302114540 15475.0
79.308679681 15524.0
79.315244822 15379.0
79.321809964 15453.0
79.328375105 15484.0
79.334940246 15502.0
79.341505388 15181.0
79.348070529 15381.0
79.354635670 15363.0
79.361200812 15270.0
79.367765953 15425.0
79.374331094 15519.0
79.380896236 15412.0
79.387461377 15071.0
79.394026518 15277.0
79.400591660 15408.0
79.407156801 15242.0
79.413721942 15349.0
79.420287084 15460.0
79.426852225 15524.0
79.433417366 15499.0
79.439982508 15192.0
79.446547649 15548.0
79.453112790 15338.0
79.459677932 15447.0
79.466243073 15390.0
79.472808214 15652.0
79.479373356 15541.0
79.485938497 15369.0
79.492503638 15393.0
79.499068780 15294.0
79.505633921 15381.0
79.512199062 15364.0
79.518764204 15588.0
79.525329345 15555.0
79.531894486 15505.0
79.538459628 15473.0
79.545024769 15458.0
79.551589910 15378.0
79.558155052 15444.0
79.564720193 15652.0
79.571285334 15462.0
79.577850476 15486.0
79.584415617 15612.0
79.590980758 15572.0
79.597545900 15645.0
79.604111041 15568.0
79.610676182 15459.0
79.617241324 15279.0
79.623806465 15287.0
79.630371606 15526.0
79.636936748 15564.0
79.643501889 15653.0
79.650067030 15447.0
79.656632172 15381.0
79.663197313 15396.0
79.669762454 15230.0
79.676327596 15350.0
79.682892737 15562.0
79.689457879 15432.0
79.696023020 15463.0
79.702588161 15462.0
79.709153303 15465.0
79.715718444 15557.0
79.722283585 15644.0
79.728848727 15668.0
79.735413868 15362.0
79.741979009 15555.0
79.748544151 15431.0
79.755109292 15559.0
79.761674433 15292.0
79.768239575 15415.0
79.774804716 15500.0
79.781369857 15589.0
79.787934999 15484.0
79.794500140 15513.0
79.801065281 15414.0
79.807630423 15405.0
79.814195564 15527.0
79.820760705 15468.0
79.827325847 15437.0
79.833890988 15474.0
79.840456129 15466.0
79.847021271 15172.0
79.853586412 15740.0
79.860151553 15279.0
79.866716695 15424.0
79.873281836 15389.0
79.879846977 15346.0
79.886412119 15503.0
79.892977260 15528.0
79.899542401 15444.0
79.906107543 15528.0
79.912672684 15397.0
79.919237825 15738.0
79.925802967 15495.0
79.932368108 15422.0
79.938933249 15514.0
79.945498391 15354.0
79.952063532 15741.0
79.958628673 15600.0
79.965193815 15434.0
79.971758956 15393.0
79.978324097 15224.0
79.984889239 15325.0
79.991454380 15465.0
79.998019521 15498.0
80.004584663 15239.0
80.011149804 15441.0
80.017714945 15441.0
80.024280087 15550.0
80.030845228 15429.0
80.037410369 15479.0
80.043975511 15191.0
80.050540652 15230.0
80.057105793 15586.0
80.063670935 15550.0
80.070236076 15424.0
80.076801217 15739.0
80.083366359 15387.0
80.089931500 15301.0
80.096496641 15515.0
80.103061783 15574.0
80.109626924 15243.0
80.116192066 15297.0
80.122757207 15482.0
80.129322348 15674.0
80.135887490 15421.0
80.142452631 15313.0
80.149017772 15603.0
80.155582914 15507.0
80.162148055 15495.0
80.168713196 15412.0
80.175278338 15706.0
80.181843479 15635.0
80.188408620 15381.0
80.194973762 15471.0
80.201538903 15249.0
80.208104044 15630.0
80.214669186 15329.0
80.221234327 15527.0
80.227799468 15583.0
80.234364610 15613.0
80.240929751 15526.0
80.247494892 15666.0
80.254060034 15471.0
80.260625175 15529.0
80.267190316 15298.0
80.273755458 15458.0
80.280320599 15617.0
80.286885740 15362.0
80.293450882 15605.0
80.300016023 15414.0
80.306581164 15505.0
80.313146306 15421.0
80.319711447 15424.0
80.326276588 15582.0
80.332841730 15256.0
80.339406871 15797.0
80.345972012 15318.0
80.352537154 15574.0
80.359102295 15452.0
80.365667436 15486.0
80.372232578 15445.0
80.378797719 15649.0
80.385362860 15500.0
80.391928002 15657.0
80.398493143 15544.0
80.405058284 15414.0
80.411623426 15694.0
80.418188567 15473.0
80.424753708 15479.0
80.431318850 15448.0
80.437883991 15597.0
80.444449132 15847.0
80.451014274 15233.0
80.457579415 15635.0
80.464144556 15348.0
80.470709698 15270.0
80.477274839 15406.0
80.483839980 15657.0
80.490405122 15586.0
80.496970263 15544.0
80.503535404 15196.0
80.510100546 15189.0
80.516665687 15447.0
80.523230828 15297.0
80.529795970 15446.0
80.536361111 15578.0
80.542926253 15551.0
80.549491394 15606.0
80.556056535 15422.0
80.562621677 15358.0
80.569186818 15718.0
80.575751959 15406.0
80.582317101 15358.0
80.588882242 15669.0
80.595447383 15672.0
80.602012525 15679.0
80.608577666 15632.0
80.615142807 15403.0
80.621707949 15465.0
80.628273090 15510.0
80.634838231 15315.0
80.641403373 15428.0
80.647968514 15504.0
80.654533655 15555.0
80.661098797 15548.0
80.667663938 15279.0
80.674229079 15449.0
80.680794221 15443.0
80.687359362 15354.0
80.693924503 15594.0
80.700489645 15531.0
80.707054786 15545.0
80.713619927 15722.0
80.720185069 15546.0
80.726750210 15702.0
80.733315351 15754.0
80.739880493 15585.0
80.746445634 15722.0
80.753010775 15552.0
80.759575917 15348.0
80.766141058 15551.0
80.772706199 15378.0
80.779271341 15479.0
80.785836482 15744.0
80.792401623 15760.0
80.798966765 15352.0
80.805531906 15607.0
80.812097047 15545.0
80.818662189 15531.0
80.825227330 15515.0
80.831792471 15679.0
80.838357613 15611.0
80.844922754 15416.0
80.851487895 15669.0
80.858053037 15616.0
80.864618178 15596.0
80.871183319 15739.0
80.877748461 15603.0
80.884313602 15776.0
80.890878743 15563.0
80.897443885 15680.0
80.904009026 15518.0
80.910574167 15663.0
80.917139309 15597.0
80.923704450 15675.0
80.930269591 15834.0
80.936834733 15415.0
80.943399874 15611.0
80.949965016 15675.0
80.956530157 15612.0
80.963095298 15683.0
80.969660440 15498.0
80.976225581 15746.0
80.982790722 15747.0
80.989355864 15742.0
80.995921005 15835.0
81.002486146 15563.0
81.009051288 15834.0
81.015616429 15724.0
81.022181570 15587.0
81.028746712 15629.0
81.035311853 15685.0
81.041876994 15630.0
81.048442136 15648.0
81.055007277 15654.0
81.061572418 15916.0
81.068137560 15976.0
81.074702701 16091.0
81.081267842 15809.0
81.087832984 16040.0
81.094398125 15926.0
81.100963266 15867.0
81.107528408 15930.0
81.114093549 16195.0
81.120658690 16247.0
81.127223832 16210.0
81.133788973 16155.0
81.140354114 16175.0
81.146919256 16283.0
81.153484397 16520.0
81.160049538 16663.0
81.166614680 16702.0
81.173179821 16773.0
81.179744962 16950.0
81.186310104 16739.0
81.192875245 17312.0
81.199440386 17280.0
81.206005528 17307.0
81.212570669 17497.0
81.219135810 17669.0
81.225700952 17715.0
81.232266093 17979.0
81.238831234 18285.0
81.245396376 18184.0
81.251961517 18226.0
81.258526658 18659.0
81.265091800 18676.0
81.271656941 18833.0
81.278222082 18738.0
81.284787224 18746.0
81.291352365 18769.0
81.297917506 18943.0
81.304482648 18574.0
81.311047789 18357.0
81.317612930 18411.0
81.324178072 18339.0
81.330743213 18076.0
81.337308354 18180.0
81.343873496 17878.0
81.350438637 17929.0
81.357003778 17551.0
81.363568920 17432.0
81.370134061 17469.0
81.376699203 17170.0
81.383264344 17206.0
81.389829485 16994.0
81.396394627 16822.0
81.402959768 17338.0
81.409524909 17024.0
81.416090051 16837.0
81.422655192 16823.0
81.429220333 16843.0
81.435785475 16926.0
81.442350616 17138.0
81.448915757 16820.0
81.455480899 17058.0
81.462046040 17205.0
81.468611181 17179.0
81.475176323 17445.0
81.481741464 17286.0
81.488306605 17497.0
81.494871747 17401.0
81.501436888 17251.0
81.508002029 17586.0
81.514567171 17094.0
81.521132312 17535.0
81.527697453 17513.0
81.534262595 17362.0
81.540827736 17537.0
81.547392877 17358.0
81.553958019 17280.0
81.560523160 17253.0
81.567088301 17284.0
81.573653443 17093.0
81.580218584 16971.0
81.586783725 17097.0
81.593348867 16879.0
81.599914008 16795.0
81.606479149 16845.0
81.613044291 16474.0
81.619609432 16612.0
81.626174573 16641.0
81.632739715 16320.0
81.639304856 16488.0
81.645869997 16466.0
81.652435139 16252.0
81.659000280 16240.0
81.665565421 16302.0
81.672130563 16424.0
81.678695704 16227.0
81.685260845 16174.0
81.691825987 16243.0
81.698391128 16426.0
81.704956269 16206.0
81.711521411 16177.0
81.718086552 16301.0
81.724651693 16244.0
81.731216835 16108.0
81.737781976 16316.0
81.744347117 16422.0
81.750912259 16192.0
81.757477400 16456.0
81.764042541 16296.0
81.770607683 16326.0
81.777172824 16342.0
81.783737965 16253.0
81.790303107 16358.0
81.796868248 16499.0
81.803433390 16313.0
81.809998531 16489.0
81.816563672 16653.0
81.823128814 16591.0
81.829693955 16611.0
81.836259096 16513.0
81.842824238 16619.0
81.849389379 16534.0
81.855954520 16973.0
81.862519662 16811.0
81.869084803 17199.0
81.875649944 16960.0
81.882215086 16909.0
81.888780227 17319.0
81.895345368 17479.0
81.901910510 17705.0
81.908475651 17681.0
81.915040792 17861.0
81.921605934 18214.0
81.928171075 18495.0
81.934736216 18500.0
81.941301358 18654.0
81.947866499 18963.0
81.954431640 19208.0
81.960996782 19447.0
81.967561923 19770.0
81.974127064 20207.0
81.980692206 20368.0
81.987257347 20774.0
81.993822488 21203.0
82.000387630 21624.0
82.006952771 21895.0
82.013517912 22509.0
82.020083054 23192.0
82.026648195 23326.0
82.033213336 23531.0
82.039778478 24036.0
82.046343619 24363.0
82.052908760 24689.0
82.059473902 24764.0
82.066039043 25052.0
82.072604184 25067.0
82.079169326 25303.0
82.085734467 25383.0
82.092299608 24981.0
82.098864750 24619.0
82.105429891 24547.0
82.111995032 24543.0
82.118560174 23864.0
82.125125315 23779.0
82.131690456 23445.0
82.138255598 23121.0
82.144820739 22913.0
82.151385880 22638.0
82.157951022 21789.0
82.164516163 21757.0
82.171081304 21530.0
82.177646446 21321.0
82.184211587 21352.0
82.190776728 21119.0
82.197341870 20375.0
82.203907011 20486.0
82.210472153 20745.0
82.217037294 20398.0
82.223602435 20390.0
82.230167577 20061.0
82.236732718 20363.0
82.243297859 20116.0
82.249863001 20371.0
82.256428142 20391.0
82.262993283 20335.0
82.269558425 20759.0
82.276123566 20459.0
82.282688707 20442.0
82.289253849 20766.0
82.295818990 20746.0
82.302384131 20940.0
82.308949273 21006.0
82.315514414 20842.0
82.322079555 20800.0
82.328644697 21024.0
82.335209838 20605.0
82.341774979 20459.0
82.348340121 20385.0
82.354905262 20679.0
82.361470403 20399.0
82.368035545 20119.0
82.374600686 19831.0
82.381165827 19545.0
82.387730969 19339.0
82.394296110 19170.0
82.400861251 18920.0
82.407426393 18725.0
82.413991534 18471.0
82.420556675 18358.0
82.427121817 18034.0
82.433686958 18021.0
82.440252099 17758.0
82.446817241 17493.0
82.453382382 17603.0
82.459947523 17326.0
82.466512665 17155.0
82.473077806 17283.0
82.479642947 17085.0
82.486208089 16792.0
82.492773230 16842.0
82.499338371 16482.0
82.505903513 16643.0
82.512468654 16474.0
82.519033795 16423.0
82.525598937 16373.0
82.532164078 16206.0
82.538729219 16165.0
82.545294361 16193.0
82.551859502 15897.0
82.558424643 15987.0
82.564989785 16127.0
82.571554926 16059.0
82.578120067 15875.0
82.584685209 15981.0
82.591250350 15643.0
82.597815491 15944.0
82.604380633 16128.0
82.610945774 16086.0
82.617510915 15670.0
82.624076057 15902.0
82.630641198 15838.0
82.637206340 15993.0
82.643771481 15660.0
82.650336622 15877.0
82.656901764 15700.0
82.663466905 15715.0
82.670032046 15691.0
82.676597188 15631.0
82.683162329 15642.0
82.689727470 15550.0
82.696292612 15751.0
82.702857753 15727.0
82.709422894 15757.0
82.715988036 15650.0
82.722553177 15528.0
82.729118318 15740.0
82.735683460 15682.0
82.742248601 15721.0
82.748813742 15656.0
82.755378884 15698.0
82.761944025 15614.0
82.768509166 15658.0
82.775074308 15341.0
82.781639449 15512.0
82.788204590 15506.0
82.794769732 15668.0
82.801334873 15661.0
82.807900014 15408.0
82.814465156 15557.0
82.821030297 15500.0
82.827595438 15632.0
82.834160580 15651.0
82.840725721 15488.0
82.847290862 15738.0
82.853856004 15779.0
82.860421145 15513.0
82.866986286 15666.0
82.873551428 15591.0
82.880116569 15534.0
82.886681710 15669.0
82.893246852 15611.0
82.899811993 15345.0
82.906377134 15489.0
82.912942276 15680.0
82.919507417 15276.0
82.926072558 15431.0
82.932637700 15688.0
82.939202841 15441.0
82.945767982 15702.0
82.952333124 15248.0
82.958898265 15520.0
82.965463406 15387.0
82.972028548 15537.0
82.978593689 15598.0
82.985158830 15608.0
82.991723972 15723.0
82.998289113 15434.0
83.004854254 15430.0
83.011419396 15655.0
83.017984537 15307.0
83.024549678 15429.0
83.031114820 15756.0
83.037679961 15557.0
83.044245102 15805.0
83.050810244 15664.0
83.057375385 15523.0
83.063940527 15412.0
83.070505668 15498.0
83.077070809 15421.0
83.083635951 15422.0
83.090201092 15604.0
83.096766233 15577.0
83.103331375 15428.0
83.109896516 15338.0
83.116461657 15311.0
83.123026799 15547.0
83.129591940 15397.0
83.136157081 15393.0
83.142722223 15508.0
83.149287364 15578.0
83.155852505 15579.0
83.162417647 15741.0
83.168982788 15559.0
83.175547929 15607.0
83.182113071 15509.0
83.188678212 15472.0
83.195243353 15561.0
83.201808495 15703.0
83.208373636 15472.0
83.214938777 15312.0
83.221503919 15556.0
83.228069060 15575.0
83.234634201 15344.0
83.241199343 15516.0
83.247764484 15665.0
83.254329625 15261.0
83.260894767 15562.0
83.267459908 15553.0
83.274025049 15280.0
83.280590191 15389.0
83.287155332 15534.0
83.293720473 15547.0
83.300285615 15510.0
83.306850756 15620.0
83.313415897 15530.0
83.319981039 15443.0
83.326546180 15810.0
83.333111321 15477.0
83.339676463 15679.0
83.346241604 15460.0
83.352806745 15459.0
83.359371887 15720.0
83.365937028 15504.0
83.372502169 15675.0
83.379067311 15468.0
83.385632452 15525.0
83.392197593 15607.0
83.398762735 15411.0
83.405327876 15478.0
83.411893017 15484.0
83.418458159 15424.0
83.425023300 15272.0
83.431588441 15487.0
83.438153583 15459.0
83.444718724 15483.0
83.451283865 15679.0
83.457849007 15439.0
83.464414148 15599.0
83.470979290 15632.0
83.477544431 15484.0
83.484109572 15601.0
83.490674714 15532.0
83.497239855 15529.0
83.503804996 15693.0
83.510370138 15312.0
83.516935279 15414.0
83.523500420 15698.0
83.530065562 15357.0
83.536630703 15687.0
83.543195844 15599.0
83.549760986 15317.0
83.556326127 15571.0
83.562891268 15369.0
83.569456410 15601.0
83.576021551 15285.0
83.582586692 15700.0
83.589151834 15288.0
83.595716975 15511.0
83.602282116 15521.0
83.608847258 15541.0
83.615412399 15604.0
83.621977540 15595.0
83.628542682 15509.0
83.635107823 15567.0
83.641672964 15504.0
83.648238106 15357.0
83.654803247 15693.0
83.661368388 15387.0
83.667933530 15400.0
83.674498671 15774.0
83.681063812 15436.0
83.687628954 15835.0
83.694194095 15696.0
83.700759236 15502.0
83.707324378 15341.0
83.713889519 15555.0
83.720454660 15520.0
83.727019802 15727.0
83.733584943 15744.0
83.740150084 15611.0
83.746715226 15595.0
83.753280367 15631.0
83.759845508 15600.0
83.766410650 15455.0
83.772975791 15583.0
83.779540932 15546.0
83.786106074 15563.0
83.792671215 15555.0
83.799236356 15511.0
83.805801498 15470.0
83.812366639 15429.0
83.818931780 15501.0
83.825496922 15468.0
83.832062063 15500.0
83.838627204 15732.0
83.845192346 15770.0
83.851757487 15250.0
83.858322628 15370.0
83.864887770 15676.0
83.871452911 15520.0
83.878018052 15551.0
83.884583194 15420.0
83.891148335 15432.0
83.897713477 15881.0
83.904278618 15490.0
83.910843759 15413.0
83.917408901 15425.0
83.923974042 15558.0
83.930539183 15720.0
83.937104325 15506.0
83.943669466 15492.0
83.950234607 15603.0
83.956799749 15587.0
83.963364890 15594.0
83.969930031 15655.0
83.976495173 15857.0
83.983060314 15526.0
83.989625455 15534.0
83.996190597 15600.0
84.002755738 15553.0
84.009320879 15563.0
84.015886021 15744.0
84.022451162 15603.0
84.029016303 15598.0
84.035581445 15495.0
84.042146586 15569.0
84.048711727 15729.0
84.055276869 15487.0
84.061842010 15757.0
84.068407151 15506.0
84.074972293 15637.0
84.081537434 15609.0
84.088102575 15578.0
84.094667717 15845.0
84.101232858 15399.0
84.107797999 15583.0
84.114363141 15573.0
84.120928282 15770.0
84.127493423 15460.0
84.134058565 15609.0
84.140623706 15819.0
84.147188847 15785.0
84.153753989 15528.0
84.160319130 15512.0
84.166884271 15672.0
84.173449413 15832.0
84.180014554 15711.0
84.186579695 15713.0
84.193144837 15720.0
84.199709978 15837.0
84.206275119 15644.0
84.212840261 15871.0
84.219405402 15782.0
84.225970543 15845.0
84.232535685 15808.0
84.239100826 15849.0
84.245665967 15911.0
84.252231109 15885.0
84.258796250 15981.0
84.265361391 15853.0
84.271926533 16056.0
84.278491674 15808.0
84.285056815 16208.0
84.291621957 16064.0
84.298187098 15760.0
84.304752239 16170.0
84.311317381 16084.0
84.317882522 16324.0
84.324447664 16378.0
84.331012805 16123.0
84.337577946 16228.0
84.344143088 16353.0
84.350708229 16405.0
84.357273370 16149.0
84.363838512 16482.0
84.370403653 16686.0
84.376968794 16608.0
84.383533936 16626.0
84.390099077 16811.0
84.396664218 16986.0
84.403229360 16889.0
84.409794501 17293.0
84.416359642 17285.0
84.422924784 17428.0
84.429489925 17675.0
84.436055066 17643.0
84.442620208 17646.0
84.449185349 17980.0
84.455750490 17990.0
84.462315632 18246.0
84.468880773 18494.0
84.475445914 18831.0
84.482011056 18828.0
84.488576197 19082.0
84.495141338 19518.0
84.501706480 19494.0
84.508271621 19734.0
84.514836762 19477.0
84.521401904 19918.0
84.527967045 19949.0
84.534532186 19872.0
84.541097328 19891.0
84.547662469 20277.0
84.554227610 20054.0
84.560792752 20222.0
84.567357893 19865.0
84.573923034 19760.0
84.580488176 19546.0
84.587053317 19428.0
84.593618458 19398.0
84.600183600 19581.0
84.606748741 19055.0
84.613313882 18933.0
84.619879024 18885.0
84.626444165 18780.0
84.633009306 18646.0
84.639574448 18497.0
84.646139589 18340.0
84.652704730 18515.0
84.659269872 18327.0
84.665835013 18140.0
84.672400154 17991.0
84.678965296 17474.0
84.685530437 17730.0
84.692095578 17836.0
84.698660720 17677.0
84.705225861 17867.0
84.711791002 17686.0
84.718356144 17914.0
84.724921285 18138.0
84.731486426 17721.0
84.738051568 17846.0
84.744616709 17599.0
84.751181851 18311.0
84.757746992 17959.0
84.764312133 18054.0
84.770877275 18054.0
84.777442416 18211.0
84.784007557 18292.0
84.790572699 18541.0
84.797137840 18184.0
84.803702981 18200.0
84.810268123 18330.0
84.816833264 17931.0
84.823398405 18016.0
84.829963547 18017.0
84.836528688 17714.0
84.843093829 17941.0
84.849658971 17441.0
84.856224112 17806.0
84.862789253 17888.0
84.869354395 17536.0
84.875919536 17746.0
84.882484677 17479.0
84.889049819 17296.0
84.895614960 17436.0
84.902180101 17160.0
84.908745243 17230.0
84.915310384 16916.0
84.921875525 16979.0
84.928440667 16721.0
84.935005808 16743.0
84.941570949 16856.0
84.948136091 16820.0
84.954701232 16848.0
84.961266373 16750.0
84.967831515 16685.0
84.974396656 16896.0
84.980961797 16746.0
84.987526939 16761.0
84.994092080 16603.0
85.000657221 16869.0
85.007222363 16655.0
85.013787504 16732.0
85.020352645 16850.0
85.026917787 16559.0
85.033482928 17271.0
85.040048069 16824.0
85.046613211 17251.0
85.053178352 17164.0
85.059743493 17262.0
85.066308635 17151.0
85.072873776 17049.0
85.079438917 17108.0
85.086004059 17085.0
85.092569200 17290.0
85.099134341 17258.0
85.105699483 17072.0
85.112264624 17218.0
85.118829765 17319.0
85.125394907 17521.0
85.131960048 17193.0
85.138525189 17468.0
85.145090331 17217.0
85.151655472 17312.0
85.158220614 17214.0
85.164785755 17162.0
85.171350896 17093.0
85.177916038 17212.0
85.184481179 17275.0
85.191046320 16968.0
85.197611462 16983.0
85.204176603 17079.0
85.210741744 16855.0
85.217306886 16967.0
85.223872027 16905.0
85.230437168 16751.0
85.237002310 16573.0
85.243567451 16739.0
85.250132592 16792.0
85.256697734 16601.0
85.263262875 16711.0
85.269828016 16769.0
85.276393158 16593.0
85.282958299 16726.0
85.289523440 16675.0
85.296088582 16806.0
85.302653723 16531.0
85.309218864 16385.0
85.315784006 16595.0
85.322349147 16640.0
85.328914288 16728.0
85.335479430 16200.0
85.342044571 16481.0
85.348609712 16652.0
85.355174854 16789.0
85.361739995 16641.0
85.368305136 16353.0
85.374870278 16712.0
85.381435419 16512.0
85.388000560 16573.0
85.394565702 16754.0
85.401130843 16332.0
85.407695984 16316.0
85.414261126 16569.0
85.420826267 16290.0
85.427391408 16443.0
85.433956550 16193.0
85.440521691 16288.0
85.447086832 16158.0
85.453651974 16317.0
85.460217115 16174.0
85.466782256 16282.0
85.473347398 16087.0
85.479912539 16171.0
85.486477680 16082.0
85.493042822 16132.0
85.499607963 15970.0
85.506173104 16061.0
85.512738246 15986.0
85.519303387 15944.0
85.525868528 15940.0
85.532433670 16153.0
85.538998811 15794.0
85.545563952 16019.0
85.552129094 15872.0
85.558694235 15909.0
85.565259376 15844.0
85.571824518 15726.0
85.578389659 15885.0
85.584954801 15793.0
85.591519942 15779.0
85.598085083 15745.0
85.604650225 15620.0
85.611215366 15737.0
85.617780507 15689.0
85.624345649 15526.0
85.630910790 15692.0
85.637475931 15506.0
85.644041073 15714.0
85.650606214 15248.0
85.657171355 15676.0
85.663736497 15620.0
85.670301638 15513.0
85.676866779 15835.0
85.683431921 15744.0
85.689997062 15518.0
85.696562203 15654.0
85.703127345 15642.0
85.709692486 15732.0
85.716257627 15438.0
85.722822769 15556.0
85.729387910 15646.0
85.735953051 15561.0
85.742518193 15688.0
85.749083334 15331.0
85.755648475 15813.0
85.762213617 15788.0
85.768778758 15613.0
85.775343899 15520.0
85.781909041 15562.0
85.788474182 15386.0
85.795039323 15607.0
85.801604465 15331.0
85.808169606 15766.0
85.814734747 15379.0
85.821299889 15401.0
85.827865030 15598.0
85.834430171 15632.0
85.840995313 15389.0
85.847560454 15233.0
85.854125595 15787.0
85.860690737 15522.0
85.867255878 15384.0
85.873821019 15569.0
85.880386161 15401.0
85.886951302 15675.0
85.893516443 15448.0
85.900081585 15298.0
85.906646726 15378.0
85.913211867 15695.0
85.919777009 15573.0
85.926342150 15488.0
85.932907291 15460.0
85.939472433 15724.0
85.946037574 15672.0
85.952602715 15487.0
85.959167857 15493.0
85.965732998 15418.0
85.972298139 15364.0
85.978863281 15250.0
85.985428422 15543.0
85.991993563 15202.0
85.998558705 15522.0
86.005123846 15501.0
86.011688988 15548.0
86.018254129 15496.0
86.024819270 15469.0
86.031384412 15367.0
86.037949553 15736.0
86.044514694 15297.0
86.051079836 15641.0
86.057644977 15664.0
86.064210118 15367.0
86.070775260 15394.0
86.077340401 15361.0
86.083905542 15433.0
86.090470684 15303.0
86.097035825 15445.0
86.103600966 15361.0
86.110166108 15641.0
86.116731249 15403.0
86.123296390 15826.0
86.129861532 15446.0
86.136426673 15395.0
86.142991814 15601.0
86.149556956 15514.0
86.156122097 15330.0
86.162687238 15546.0
86.169252380 15480.0
86.175817521 15535.0
86.182382662 15664.0
86.188947804 15308.0
86.195512945 15306.0
86.202078086 15437.0
86.208643228 15358.0
86.215208369 15326.0
86.221773510 15547.0
86.228338652 15497.0
86.234903793 15614.0
86.241468934 15364.0
86.248034076 15416.0
86.254599217 15458.0
86.261164358 15652.0
86.267729500 15398.0
86.274294641 15599.0
86.280859782 15255.0
86.287424924 15450.0
86.293990065 15383.0
86.300555206 15563.0
86.307120348 15295.0
86.313685489 15302.0
86.320250630 15308.0
86.326815772 15164.0
86.333380913 15428.0
86.339946054 15498.0
86.346511196 15446.0
86.353076337 15247.0
86.359641478 15316.0
86.366206620 15499.0
86.372771761 15465.0
86.379336902 15431.0
86.385902044 15199.0
86.392467185 15446.0
86.399032326 15392.0
86.405597468 15324.0
86.412162609 15374.0
86.418727751 15541.0
86.425292892 15561.0
86.431858033 15550.0
86.438423175 15415.0
86.444988316 15528.0
86.451553457 15468.0
86.458118599 15334.0
86.464683740 15510.0
86.471248881 15165.0
86.477814023 15343.0
86.484379164 15479.0
86.490944305 15314.0
86.497509447 15359.0
86.504074588 15298.0
86.510639729 15588.0
86.517204871 15381.0
86.523770012 15519.0
86.530335153 15268.0
86.536900295 15363.0
86.543465436 15509.0
86.550030577 15288.0
86.556595719 15473.0
86.563160860 15287.0
86.569726001 15561.0
86.576291143 15521.0
86.582856284 15636.0
86.589421425 15518.0
86.595986567 15358.0
86.602551708 15443.0
86.609116849 15481.0
86.615681991 15566.0
86.622247132 15198.0
86.628812273 15403.0
86.635377415 15244.0
86.641942556 15398.0
86.648507697 15389.0
86.655072839 15480.0
86.661637980 15439.0
86.668203121 15367.0
86.674768263 15472.0
86.681333404 15449.0
86.687898545 15320.0
86.694463687 15628.0
86.701028828 15380.0
86.707593969 15627.0
86.714159111 15473.0
86.720724252 15528.0
86.727289393 15549.0
86.733854535 15604.0
86.740419676 15433.0
86.746984817 15505.0
86.753549959 15348.0
86.760115100 15346.0
86.766680241 15421.0
86.773245383 15456.0
86.779810524 15435.0
86.786375665 15364.0
86.792940807 15452.0
86.799505948 15410.0
86.806071089 15447.0
86.812636231 15362.0
86.819201372 15333.0
86.825766513 15397.0
86.832331655 15550.0
86.838896796 15342.0
86.845461938 15361.0
86.852027079 15122.0
86.858592220 15552.0
86.865157362 15267.0
86.871722503 15479.0
86.878287644 15185.0
86.884852786 15349.0
86.891417927 15233.0
86.897983068 15239.0
86.904548210 15236.0
86.911113351 15430.0
86.917678492 15222.0
86.924243634 15407.0
86.930808775 15482.0
86.937373916 15430.0
86.943939058 15426.0
86.950504199 15447.0
86.957069340 15364.0
86.963634482 15333.0
86.970199623 15535.0
86.976764764 15213.0
86.983329906 15510.0
86.989895047 15286.0
86.996460188 15517.0
87.003025330 15399.0
87.009590471 15435.0
87.016155612 15239.0
87.022720754 15497.0
87.029285895 15464.0
87.035851036 15226.0
87.042416178 15339.0
87.048981319 15408.0
87.055546460 15552.0
87.062111602 15492.0
87.068676743 15473.0
87.075241884 15269.0
87.081807026 15640.0
87.088372167 15252.0
87.094937308 15299.0
87.101502450 15393.0
87.108067591 15414.0
87.114632732 15287.0
87.121197874 15441.0
87.127763015 15373.0
87.134328156 15346.0
87.140893298 15561.0
87.147458439 15517.0
87.154023580 15138.0
87.160588722 15378.0
87.167153863 15032.0
87.173719004 15286.0
87.180284146 15642.0
87.186849287 15570.0
87.193414428 15248.0
87.199979570 15323.0
87.206544711 15378.0
87.213109852 15606.0
87.219674994 15634.0
87.226240135 15353.0
87.232805276 15261.0
87.239370418 15392.0
87.245935559 15542.0
87.252500700 15304.0
87.259065842 15369.0
87.265630983 15595.0
87.272196125 15413.0
87.278761266 15363.0
87.285326407 15584.0
87.291891549 15439.0
87.298456690 15412.0
87.305021831 15397.0
87.311586973 15291.0
87.318152114 15244.0
87.324717255 15328.0
87.331282397 15499.0
87.337847538 15468.0
87.344412679 15375.0
87.350977821 15278.0
87.357542962 15520.0
87.364108103 15207.0
87.370673245 15473.0
87.377238386 15371.0
87.383803527 15510.0
87.390368669 15502.0
87.396933810 15588.0
87.403498951 15286.0
87.410064093 15298.0
87.416629234 15658.0
87.423194375 15538.0
87.429759517 15526.0
87.436324658 15370.0
87.442889799 15325.0
87.449454941 15473.0
87.456020082 15275.0
87.462585223 15461.0
87.469150365 15369.0
87.475715506 15418.0
87.482280647 15525.0
87.488845789 15434.0
87.495410930 15510.0
87.501976071 15291.0
87.508541213 15545.0
87.515106354 15415.0
87.521671495 15418.0
87.528236637 15506.0
87.534801778 15473.0
87.541366919 15401.0
87.547932061 15441.0
87.554497202 15268.0
87.561062343 15316.0
87.567627485 15458.0
87.574192626 15350.0
87.580757767 15361.0
87.587322909 15341.0
87.593888050 15337.0
87.600453191 15278.0
87.607018333 15523.0
87.613583474 15451.0
87.620148615 15252.0
87.626713757 15561.0
87.633278898 15826.0
87.639844039 15659.0
87.646409181 15278.0
87.652974322 15418.0
87.659539463 15419.0
87.666104605 15335.0
87.672669746 15328.0
87.679234887 15499.0
87.685800029 15286.0
87.692365170 15294.0
87.698930312 15201.0
87.705495453 15578.0
87.712060594 15458.0
87.718625736 15370.0
87.725190877 15289.0
87.731756018 15312.0
87.738321160 15433.0
87.744886301 15411.0
87.751451442 15275.0
87.758016584 15417.0
87.764581725 15357.0
87.771146866 15464.0
87.777712008 15318.0
87.784277149 15406.0
87.790842290 15422.0
87.797407432 15430.0
87.803972573 15275.0
87.810537714 15195.0
87.817102856 15360.0
87.823667997 15459.0
87.830233138 15651.0
87.836798280 15415.0
87.843363421 15316.0
87.849928562 15339.0
87.856493704 15494.0
87.863058845 15357.0
87.869623986 15426.0
87.876189128 15437.0
87.882754269 15365.0
87.889319410 15529.0
87.895884552 15446.0
87.902449693 15121.0
87.909014834 15238.0
87.915579976 15464.0
87.922145117 15391.0
87.928710258 15324.0
87.935275400 15337.0
87.941840541 15397.0
87.948405682 15221.0
87.954970824 15457.0
87.961535965 15475.0
87.968101106 15142.0
87.974666248 15462.0
87.981231389 15315.0
87.987796530 15611.0
87.994361672 15248.0
88.000926813 15370.0
88.007491954 15296.0
88.014057096 15558.0
88.020622237 15451.0
88.027187378 15594.0
88.033752520 15428.0
88.040317661 15378.0
88.046882802 15334.0
88.053447944 15370.0
88.060013085 15356.0
88.066578226 15521.0
88.073143368 15315.0
88.079708509 15407.0
88.086273650 15284.0
88.092838792 15378.0
88.099403933 15190.0
88.105969075 15175.0
88.112534216 15340.0
88.119099357 15487.0
88.125664499 15225.0
88.132229640 15402.0
88.138794781 15372.0
88.145359923 15465.0
88.151925064 15251.0
88.158490205 15414.0
88.165055347 15681.0
88.171620488 15267.0
88.178185629 15184.0
88.184750771 15407.0
88.191315912 15467.0
88.197881053 15587.0
88.204446195 15459.0
88.211011336 15604.0
88.217576477 15344.0
88.224141619 15413.0
88.230706760 15437.0
88.237271901 15251.0
88.243837043 15430.0
88.250402184 15225.0
88.256967325 15360.0
88.263532467 15322.0
88.270097608 15398.0
88.276662749 15524.0
88.283227891 15345.0
88.289793032 15215.0
88.296358173 15547.0
88.302923315 15410.0
88.309488456 15416.0
88.316053597 15484.0
88.322618739 15473.0
88.329183880 15218.0
88.335749021 15329.0
88.342314163 15347.0
88.348879304 15365.0
88.355444445 15485.0
88.362009587 15427.0
88.368574728 15416.0
88.375139869 15146.0
88.381705011 15295.0
88.388270152 15532.0
88.394835293 15478.0
88.401400435 15419.0
88.407965576 15325.0
88.414530717 15388.0
88.421095859 15289.0
88.427661000 15253.0
88.434226141 15334.0
88.440791283 15529.0
88.447356424 15217.0
88.453921565 15417.0
88.460486707 15407.0
88.467051848 15258.0
88.473616989 15448.0
88.480182131 15307.0
88.486747272 15454.0
88.493312413 15413.0
88.499877555 15335.0
88.506442696 15359.0
88.513007837 15446.0
88.519572979 15608.0
88.526138120 15459.0
88.532703262 15370.0
88.539268403 15383.0
88.545833544 15173.0
88.552398686 15476.0
88.558963827 15389.0
88.565528968 15738.0
88.572094110 15476.0
88.578659251 15380.0
88.585224392 15200.0
88.591789534 15315.0
88.598354675 15436.0
88.604919816 15337.0
88.611484958 15423.0
88.618050099 15480.0
88.624615240 15417.0
88.631180382 15337.0
88.637745523 15499.0
88.644310664 15357.0
88.650875806 15363.0
88.657440947 15357.0
88.664006088 15220.0
88.670571230 15393.0
88.677136371 15339.0
88.683701512 15464.0
88.690266654 15550.0
88.696831795 15390.0
88.703396936 15368.0
88.709962078 15383.0
88.716527219 15389.0
88.723092360 15340.0
88.729657502 15502.0
88.736222643 15414.0
88.742787784 15290.0
88.749352926 15443.0
88.755918067 15156.0
88.762483208 15606.0
88.769048350 15511.0
88.775613491 15541.0
88.782178632 15231.0
88.788743774 15370.0
88.795308915 15418.0
88.801874056 15377.0
88.808439198 15306.0
88.815004339 15335.0
88.821569480 15256.0
88.828134622 15354.0
88.834699763 15282.0
88.841264904 15489.0
88.847830046 15285.0
88.854395187 15192.0
88.860960328 15204.0
88.867525470 15540.0
88.874090611 15428.0
88.880655752 15509.0
88.887220894 15257.0
88.893786035 15195.0
88.900351176 15362.0
88.906916318 15649.0
88.913481459 15512.0
88.920046600 15330.0
88.926611742 15140.0
88.933176883 15458.0
88.939742024 15499.0
88.946307166 15246.0
88.952872307 15628.0
88.959437449 15436.0
88.966002590 15232.0
88.972567731 15377.0
88.979132873 15553.0
88.985698014 15330.0
88.992263155 15347.0
88.998828297 15698.0
89.005393438 15556.0
89.011958579 15411.0
89.018523721 15559.0
89.025088862 15252.0
89.031654003 15468.0
89.038219145 15372.0
89.044784286 15413.0
89.051349427 15405.0
89.057914569 15181.0
89.064479710 15363.0
89.071044851 15466.0
89.077609993 15241.0
89.084175134 15590.0
89.090740275 15355.0
89.097305417 15326.0
89.103870558 15404.0
89.110435699 15445.0
89.117000841 15375.0
89.123565982 15305.0
89.130131123 15445.0
89.136696265 15558.0
89.143261406 15274.0
89.149826547 15640.0
89.156391689 15422.0
89.162956830 15463.0
89.169521971 15290.0
89.176087113 15444.0
89.182652254 15170.0
89.189217395 15222.0
89.195782537 15409.0
89.202347678 15567.0
89.208912819 15278.0
89.215477961 15375.0
89.222043102 15466.0
89.228608243 15322.0
89.235173385 15597.0
89.241738526 15296.0
89.248303667 15544.0
89.254868809 15348.0
89.261433950 15395.0
89.267999091 15450.0
89.274564233 15408.0
89.281129374 15520.0
89.287694515 15389.0
89.294259657 15333.0
89.300824798 15423.0
89.307389939 15387.0
89.313955081 15470.0
89.320520222 15307.0
89.327085363 15304.0
89.333650505 15377.0
89.340215646 15454.0
89.346780787 15212.0
89.353345929 15604.0
89.359911070 15361.0
89.366476212 15277.0
89.373041353 15364.0
89.379606494 15411.0
89.386171636 15565.0
89.392736777 15291.0
89.399301918 15580.0
89.405867060 15409.0
89.412432201 15372.0
89.418997342 15434.0
89.425562484 15320.0
89.432127625 15279.0
89.438692766 15160.0
89.445257908 15572.0
89.451823049 15235.0
89.458388190 15367.0
89.464953332 15419.0
89.471518473 15652.0
89.478083614 15381.0
89.484648756 15324.0
89.491213897 15266.0
89.497779038 15384.0
89.504344180 15318.0
89.510909321 15396.0
89.517474462 15380.0
89.524039604 15344.0
89.530604745 15634.0
89.537169886 15215.0
89.543735028 15357.0
89.550300169 15522.0
89.556865310 15340.0
89.563430452 15461.0
89.569995593 15519.0
89.576560734 15281.0
89.583125876 15240.0
89.589691017 15488.0
89.596256158 15305.0
89.602821300 15433.0
89.609386441 15278.0
89.615951582 15177.0
89.622516724 15491.0
89.629081865 15393.0
89.635647006 15245.0
89.642212148 15295.0
89.648777289 15429.0
89.655342430 15255.0
89.661907572 15610.0
89.668472713 15281.0
89.675037854 15490.0
89.681602996 15367.0
89.688168137 15389.0
89.694733278 15350.0
89.701298420 15559.0
89.707863561 15306.0
89.714428702 15379.0
89.720993844 15402.0
89.727558985 15397.0
89.734124126 15310.0
89.740689268 15237.0
89.747254409 15370.0
89.753819550 15141.0
89.760384692 15300.0
89.766949833 15478.0
89.773514974 15347.0
89.780080116 15282.0
89.786645257 15288.0
89.793210399 15326.0
89.799775540 15487.0
89.806340681 15230.0
89.812905823 15537.0
89.819470964 15448.0
89.826036105 15412.0
89.832601247 15387.0
89.839166388 15379.0
89.845731529 15458.0
89.852296671 15589.0
89.858861812 15205.0
89.865426953 15287.0
89.871992095 15246.0
89.878557236 15284.0
89.885122377 15347.0
89.891687519 15252.0
89.898252660 15434.0
89.904817801 15291.0
89.911382943 15246.0
89.917948084 15318.0
89.924513225 15305.0
89.931078367 15531.0
89.937643508 15553.0
89.944208649 15355.0
89.950773791 15516.0
89.957338932 15608.0
89.963904073 15371.0
89.970469215 15358.0
89.977034356 15463.0
89.983599497 15264.0
89.990164639 15473.0
89.996729780 15393.0
